Temperature,Turbidity,Turbidity,PH,Dissolved oxygen
17.2,70,2529,7.16,5.74
17.2,76,1966,7.17,6.39
17.2,74,2257,7.15,6.48
17.2,67,1849,7.14,6.55
17.1,67,1494,7.14,6.86
17.1,68,2220,7.12,6.47
16.9,66,2049,7.13,6.32
16.8,60,2149,7.13,6.34
16.7,60,2153,7.12,6.5
16.7,60,2152,7.12,6.74
17,61,915,7.12,6.98
17.3,64,2318,7.1,5.97
17.3,62,2697,7.12,5.92
17.4,74,2925,7.13,6.25
17.5,98,2818,7.15,6.36
17.5,96,2551,7.14,6.03
17.7,98,2812,7.15,6.45
17.6,96,3033,7.13,6.06
17.7,93,2646,7.15,6.33
17.6,97,3061,7.15,6.04
17.4,94,3002,7.15,5.65
17.5,87,3099,7.15,5.7
17.5,84,2986,7.16,5.6
17.6,84,3099,7.15,5.84
17.5,87,3153,7.14,6.45
17.6,76,3358,7.14,5.66
17.6,77,3308,7.17,6.23
17.3,63,2897,7.17,5.75
17.2,64,850,7.14,5.34
17.2,64,2903,7.15,5.17
17.1,60,2177,7.15,5.13
17.1,63,2900,7.14,5.24
17,68,2913,7.14,5.08
17.2,65,2959,7.14,5.34
17.3,75,2238,7.14,5.6
17.4,82,2033,7.14,5.09
17.3,75,3248,7.14,5.22
17.4,69,3290,7.15,5.3
17.6,80,1769,7.16,5.13
17.7,77,3208,7.15,6.2
17.6,77,2576,7.12,5.62
17.8,74,2310,7.13,7.38
17.8,90,3220,7.12,6.39
17.7,92,3447,7.13,6.21
17.8,118,188,7.15,6.03
17.6,91,2962,7.11,7.01
17.6,97,2566,7.1,6.58
17.6,106,3102,7.11,6.03
17.4,82,2984,7.12,5.92
17.5,86,2968,7.12,5.59
17.4,78,3330,7.14,4.85
17.3,100,3579,7.19,4.2
17.5,91,224,7.21,4.52
17.3,70,2230,7.19,5.8
17.4,53,2024,7.1,6.3
17.5,39,1741,7.12,5.16
17.4,32,1448,7.05,6.73
17.6,35,1514,7.05,5.74
17.6,47,1654,7.06,4.87
17.7,45,1751,7.09,4.42
17.7,45,1738,7.09,4.78
17.7,43,1781,7.08,4.2
17.8,165,1806,7.24,6
17.8,151,1858,7.28,5.61
17.7,46,1996,7.3,5.3
17.6,186,2257,7.34,5.82
17.7,206,2238,7.36,6.12
17.7,252,2416,7.38,6.55
17.6,154,2358,7.39,6.04
17.7,289,1993,7.41,6.47
17.7,330,1981,7.39,6.61
17.8,358,2305,7.36,5.97
17.5,326,1938,7.46,6.26
17.6,446,1876,7.42,6.37
17.5,454,2002,7.36,5.57
17.7,134,2099,7.36,5.34
17.5,264,1950,7.41,5.58
17.5,336,1900,7.38,5.74
17.5,109,1831,7.38,5.81
17.6,471,1874,7.35,5.44
17.6,350,2457,7.31,4.91
17.8,315,2204,7.35,4.98
18,355,1785,7.43,6.89
18,294,1899,7.37,6.36
17.8,272,2407,7.3,4.74
18,259,2177,7.37,6.58
18,135,2712,7.31,5.35
18,332,2454,7.39,6.06
18.4,292,2241,7.48,7.01
18.6,116,2195,7.39,6.35
18.5,220,1992,7.49,8.07
18.4,258,2228,7.48,7.92
18.3,207,2011,7.56,8.21
18.4,182,2210,7.46,7.68
18.4,301,2182,7.44,7.53
18.4,199,2124,7.43,7.34
18.3,212,2130,7.46,7.18
18.4,91,2106,7.38,6.9
18.4,237,1812,7.4,7.23
18.4,221,2124,7.36,7.33
18.3,57,1741,7.38,7.62
18.4,147,1815,7.33,7.06
18.4,205,1719,7.32,6.93
18.4,187,1772,7.31,6.61
18.3,338,1790,7.33,6.46
18.4,312,2033,7.25,5.67
18.5,205,1769,7.28,6.01
18.5,206,1912,7.23,5.82
18.6,84,1815,7.42,7.53
18.5,153,2225,7.24,5.94
18.7,239,2288,7.32,6.87
18.6,52,2276,7.32,6.87
18.6,230,2758,7.37,7.03
18.9,316,2535,7.41,7.55
18.8,291,2668,7.36,7.14
18.8,324,2662,7.36,6.93
18.8,309,141,7.37,6.62
18.7,420,3258,7.38,7.27
18.7,238,3267,7.38,6.6
18.8,130,3236,7.39,6.38
18.6,270,3205,7.42,6.43
18.7,262,2986,7.35,6.15
18.7,112,2986,7.32,5.87
18.7,227,3299,7.33,5.82
18.6,183,3083,7.35,5.56
18.7,182,3014,7.31,5.66
18.6,216,2834,7.3,5.48
18.4,126,2576,7.27,5.25
18.4,184,2772,7.27,5.39
18.6,286,2971,7.26,5.09
18.4,88,2646,7.3,6.07
18.5,279,2617,7.27,6.14
18.4,228,2652,7.28,5.95
18.6,149,2696,7.26,5.77
18.6,248,2762,7.3,6.63
18.8,239,2842,7.27,6.22
18.5,348,3035,7.27,6.32
18.6,229,3090,7.28,6.12
18.5,258,3504,7.27,5.54
18.6,212,2989,7.32,6.53
18.5,252,3208,7.29,5.98
18.5,92,2978,7.29,6.26
18.4,186,2887,7.28,6.16
18.3,208,2826,7.27,5.88
18.4,86,3140,7.27,5.6
18.5,263,3115,7.27,5.48
18.5,198,3103,7.27,5.24
18.5,224,3137,7.26,5.14
18.4,197,3143,7.27,5
18.6,177,3271,7.27,4.95
18.4,182,3153,7.27,4.67
18.2,230,3026,7.27,4.8
18.2,86,3375,7.25,4.58
18.3,165,3036,7.28,4.53
18.3,252,3158,7.25,4.42
18.4,77,2971,7.26,4.11
18.3,225,3265,7.24,4.4
18.4,209,3208,7.22,4.96
18.5,268,3438,7.25,5.09
18.6,285,3140,7.28,6.05
18.6,175,2893,7.28,6.36
18.7,255,3008,7.24,5.97
18.7,209,3026,7.24,5.42
18.7,86,2931,7.25,5.44
18.6,158,2793,7.25,5.71
18.6,169,2554,7.25,6.29
18.5,36,2614,7.23,5.74
18.6,151,2351,7.22,5.63
18.5,168,2775,7.23,5.46
18.6,130,2691,7.22,5.42
18.6,179,2659,7.22,5.28
18.6,97,2747,7.22,5.32
18.3,187,2407,7.22,4.58
18.4,155,2790,7.23,4.46
18.4,105,3068,7.25,4.32
18.5,302,3205,7.19,5
18.6,191,2043,7.24,5.68
18.7,231,2152,7.19,3.95
18.8,404,2244,7.23,3.58
18.9,403,2201,7.23,4.43
19,496,2216,7.23,3.89
18.9,500,2235,7.25,3.48
19,254,2264,7.48,3.73
19.1,255,2283,7.2,4.05
19,247,2280,7.35,4.33
18.9,245,2241,7.41,4.49
18.9,282,2416,7.45,4.31
18.9,271,2544,7.45,3.9
18.9,258,2672,7.46,3.89
18.9,227,2694,7.48,3.76
18.8,164,2155,7.49,3.99
18.8,146,2260,7.47,3.8
18.7,139,2581,7.46,3.67
18.7,143,2494,7.46,3.52
18.8,212,2453,7.45,3.24
18.6,108,2516,7.44,3.18
18.6,123,2434,7.43,3.09
18.6,84,2459,7.44,3.12
18.5,67,2425,7.43,3.25
18.7,122,2621,7.42,2.55
18.8,157,3388,7.45,2.53
18.9,129,3420,7.5,3.57
18.8,201,3710,7.51,3.18
18.9,141,3660,7.5,2.82
19,159,2840,7.52,3.72
18.9,195,3491,7.51,3.05
19,162,3936,7.56,3.81
19.2,140,3855,7.61,4.6
18.8,187,4659,7.57,3.6
19,151,3871,7.66,4.59
18.9,165,4645,7.67,4.31
18.8,113,4199,7.68,4.75
18.8,128,4197,7.68,5.45
19,110,3283,7.67,4.66
18.9,106,4058,7.65,4.58
18.7,56,3264,7.64,5.06
18.6,55,3048,7.62,4.97
18.8,58,1379,7.62,4.94
18.8,62,3102,7.6,4.64
18.7,36,2472,7.62,5.54
18.4,26,942,7.6,5.56
18.4,24,2108,7.57,5.46
18.4,24,2087,7.56,5.11
18.4,44,2266,7.55,4.89
18.7,56,2599,7.57,4.93
18.8,72,2652,7.56,4.88
18.8,150,3855,7.6,4.48
19.2,91,2799,7.65,5.96
19.1,164,3452,7.68,5.57
19.6,110,2900,7.76,7.04
19.5,101,3216,7.72,6.45
19.8,87,3004,7.78,7.17
19.5,134,3706,7.79,6.62
19.6,155,3838,7.83,6.95
19.6,137,3886,7.81,6.7
19.5,139,4448,7.77,6.05
19.3,95,3889,7.78,6.69
19.3,114,3792,7.75,6.07
19.3,87,3991,7.74,6.03
19.2,73,3488,7.76,6.34
19.2,90,4141,7.72,5.74
19.2,82,3444,7.71,6.43
19.2,61,3565,7.66,5.48
19.2,64,3606,7.63,5.02
19.2,72,3656,7.62,4.94
19.2,63,1675,7.6,4.59
19.2,44,2878,7.59,4.91
19,31,2596,7.6,5.45
19.1,80,3229,7.54,4.55
19.2,67,3198,7.56,4.33
19.2,76,3001,7.56,4.88
19.3,87,3544,7.55,4.09
19.2,130,3101,7.64,5.52
19.3,132,3899,7.64,5.35
20.2,109,3171,7.87,7.91
19.7,125,3697,7.69,5.82
19.6,114,3133,7.74,6.11
19.9,177,3397,7.85,7.52
19.7,123,3659,7.79,6.98
19.7,110,3653,7.78,6.84
19.7,103,3513,7.82,7.07
19.7,95,3612,7.82,7.12
19.7,102,912,7.77,6.6
19.7,91,3672,7.75,5.95
19.6,80,3765,7.71,5.79
19.7,74,3599,7.76,7.02
19.7,86,3155,7.69,5.91
19.6,82,3744,7.67,5.45
19.4,72,2127,7.67,5.39
19.6,72,3491,7.64,5.37
19.5,67,3357,7.61,4.9
19.5,85,3360,7.58,4.48
19.5,84,3276,7.57,4.34
19.6,65,3450,7.6,4.8
19.7,58,3118,7.65,5.56
19.8,78,3023,7.66,5.87
19.7,70,3276,7.65,6.11
19.8,65,3326,7.67,5.92
20.3,60,2980,7.94,9
20.4,87,3222,7.98,8.63
20.4,132,3421,7.99,8.42
20.1,124,3646,7.85,7.05
20,115,3814,7.79,6.39
19.6,94,4542,7.67,4.72
19.6,99,4318,7.71,4.88
19.6,103,4138,7.65,4.31
19.8,106,4780,7.74,5.22
19.8,113,4536,7.72,4.84
19.7,74,4545,7.76,5.52
19.7,76,4504,7.74,5.27
19.8,85,4597,7.73,4.86
19.9,85,4771,7.73,4.6
19.7,63,4411,7.71,4.98
19.8,72,4560,7.67,4.53
19.7,77,4589,7.66,4.61
19.6,53,4343,7.65,4.53
19.6,67,4296,7.63,4.38
19.7,89,4511,7.62,4.12
19.8,101,4524,7.61,4.14
19.8,96,4697,7.63,4.61
19.8,107,4618,7.61,4.16
20,88,4591,7.7,5.13
20,92,4621,7.67,4.48
19.8,91,4520,7.65,4.34
19.7,106,4590,7.65,3.73
19.7,104,4878,7.65,3.75
19.7,111,5360,7.63,3.36
19.7,114,4661,7.73,4.24
19.7,133,5255,7.76,4.73
19.6,100,3851,7.74,4.69
19.6,74,4668,7.76,4.82
19.7,53,4032,7.73,4.81
19.7,45,3519,7.7,4.85
19.7,39,3507,7.66,4.82
19.6,49,3684,7.64,4.46
19.6,43,3098,7.63,4.41
19.4,34,3456,7.65,4.81
19.4,31,3079,7.63,5.21
19.3,29,3415,7.62,5.01
19.3,38,3390,7.6,4.9
19.2,35,3360,7.62,4.89
19.5,54,3450,7.6,4.61
19.8,66,3905,7.56,3.71
19.9,93,4044,7.55,3.73
20,101,4016,7.58,3.59
20,88,4076,7.62,4.33
19.9,88,3902,7.6,4.62
19.7,98,4215,7.6,4.46
19.8,97,4129,7.7,5.43
19.8,112,4237,7.65,5.48
19.8,93,4404,7.65,4.73
19.7,99,4386,7.64,4.65
19.8,118,4300,7.67,4.6
19.7,86,3729,7.66,4.85
19.6,79,4089,7.63,4.67
19.7,57,3479,7.6,4.46
19.8,45,3554,7.59,4.24
19.8,40,3429,7.56,4.23
19.6,38,3345,7.56,4.11
19.6,26,3109,7.64,5.38
19.6,31,3146,7.62,5.01
19.7,35,2857,7.55,3.96
19.5,31,3035,7.59,4.92
19.5,35,3014,7.59,4.94
19.5,35,3077,7.59,4.8
19.8,45,3311,7.51,3.56
20,54,3364,7.49,3.13
19.9,97,3302,7.64,5.39
20.1,62,2336,7.61,6.05
20.2,53,3286,7.69,6.77
20.5,64,2882,7.82,7.94
20.7,72,2999,8.04,9.76
20.8,64,2609,8.03,9.37
20.7,52,2719,8.1,10.34
20.5,44,2862,7.97,9.27
20.2,54,3105,7.77,7.05
20.4,49,2652,7.84,7.62
20.1,59,3099,7.65,6.24
20.1,50,2852,7.67,6.18
20.1,42,1710,7.71,6.75
20,50,3413,7.6,4.88
19.9,53,3678,7.58,4.61
19.9,51,3207,7.59,4.78
19.9,55,3808,7.58,4.59
19.8,67,4207,7.56,3.63
19.7,45,3753,7.58,4.5
19.6,43,3083,7.57,4.43
19.6,49,3615,7.55,4.02
19.5,51,3544,7.56,4.07
19.4,67,3016,7.56,4.09
19.5,44,3434,7.63,5.32
19.6,47,3478,7.67,5.24
19.7,62,3519,7.61,4.69
19.7,70,3599,7.56,4.34
19.8,60,3581,7.64,5.3
19.7,78,3734,7.66,5.15
19.7,73,3364,7.76,6.15
19.6,73,3668,7.76,6.33
19.6,64,3756,7.76,6.13
19.4,58,3198,7.73,6.11
19.4,68,3845,7.73,6.25
19.3,67,3257,7.72,6.17
19.2,60,3478,7.71,6.14
19.1,65,3681,7.65,5.32
19.1,66,3974,7.68,4.84
19.1,66,3550,7.64,4.68
19,56,3826,7.6,3.96
19,32,3351,7.54,3.85
19.1,23,2675,7.52,4
19,24,2379,7.49,3.98
18.9,34,2394,7.48,3.82
18.8,32,2482,7.48,3.78
18.8,36,2429,7.5,3.94
19,62,2532,7.48,3.72
19.2,50,2631,7.53,4.34
19.3,50,2912,7.48,3.64
19.3,141,3042,7.54,4.19
19.6,159,1432,7.55,4.6
19.5,160,2681,7.53,4.2
19.8,135,2833,7.56,4.68
19.9,105,2684,7.64,5.34
19.6,109,2949,7.57,4.53
19.3,111,3264,7.53,3.88
19.3,94,3357,7.52,3.62
19.3,103,3348,7.52,3.45
19,97,2706,7.53,4.73
19.1,94,3335,7.49,3.36
19.2,93,3462,7.48,3
19.3,86,3554,7.53,3.26
18.7,86,3280,7.55,3.92
18.7,81,2940,7.52,3.71
18.7,42,2946,7.51,3.92
19.1,59,3487,7.51,3.01
19.2,72,3385,7.49,2.69
19.2,63,3829,7.49,2.93
18.5,42,3173,7.51,3.53
19.1,63,3826,7.5,2.56
19.1,80,4007,7.5,2.85
18.9,160,4218,7.55,3.82
18.9,147,3927,7.57,4.06
18.9,97,3596,7.67,4.55
18.9,126,4181,7.58,4.57
19,119,4162,7.58,4.12
19.1,102,4288,7.61,4.5
19.4,85,4144,7.66,5.12
19.3,93,3942,7.61,4.65
19.2,100,4211,7.59,4.44
19.1,86,3994,7.59,4.61
19.1,90,3730,7.59,4.42
19.1,86,4230,7.57,4.25
19,87,4282,7.56,3.93
19,80,4390,7.57,4.07
18.9,75,3547,7.58,4.27
18.6,62,3762,7.56,4.18
18.8,73,3544,7.53,3.66
18.8,50,3369,7.51,3.38
18.8,54,3697,7.53,3.37
18.7,50,3506,7.51,3.35
18.6,55,3308,7.49,3.23
18.3,53,3088,7.49,3.89
18.2,33,2899,7.53,5.49
18.2,33,2476,7.54,5.51
18.5,33,1842,7.56,6.03
18.6,50,3070,7.51,4.88
18.7,47,2466,7.59,5.95
18.7,46,2930,7.54,5.84
19.1,42,2827,7.64,7.18
18.6,44,3179,7.49,4.29
18.7,49,3101,7.55,4.91
18.8,60,3421,7.58,6.04
18.8,80,3804,7.54,4.88
18.9,83,4230,7.6,5.93
18.9,76,3267,7.57,5.25
18.9,77,4064,7.57,5.37
18.9,84,4233,7.54,4.9
18.8,68,3700,7.49,3.8
18.7,58,3127,7.54,4.66
18.6,56,3366,7.48,4.23
18.7,56,2952,7.47,4.04
18.6,51,2693,7.48,4.57
18.6,44,2435,7.47,5.55
18.6,45,2700,7.45,4.68
18.6,45,2516,7.43,4.38
18.5,44,2815,7.42,4.3
18.5,37,1447,7.46,4.73
18.7,36,604,7.47,5.38
18.8,46,2027,7.47,5.76
18.9,55,2703,7.43,4.7
19.2,53,2802,7.48,5.31
19.1,49,2450,7.45,5.33
19.2,64,951,7.43,4.88
19,74,2884,7.42,4.55
18.9,79,3307,7.42,4.24
18.9,96,3954,7.43,3.78
18.9,94,3973,7.47,3.83
19,75,3976,7.47,3.51
18.9,81,2497,7.49,3.49
18.9,81,4274,7.48,3.53
18.9,84,3539,7.46,3.37
19,88,4262,7.47,4.01
18.7,57,3675,7.46,4.58
18.8,66,3028,7.43,3.88
19,69,3841,7.43,3.98
19,66,3120,7.43,3.73
19,61,4119,7.45,4.11
18.9,62,2639,7.44,3.61
18.9,65,4339,7.44,3.54
18.8,68,4264,7.43,3.64
18.7,63,3672,7.43,3.53
18.6,69,3892,7.42,3.42
18.6,60,4012,7.42,4.04
18.7,66,4101,7.43,4.25
18.9,59,4063,7.46,5.18
18.8,53,3584,7.46,5.33
18.9,66,4138,7.44,5.02
18.9,65,3752,7.45,5.24
18.9,82,4057,7.47,5.02
18.9,68,3618,7.46,5.63
18.9,78,4110,7.44,5.19
18.8,64,4161,7.43,5.12
18.7,53,3777,7.47,5.48
18.6,49,3777,7.42,5.41
18.4,40,3575,7.42,5.63
18.3,44,3672,7.39,5.14
18.3,47,2986,7.41,5.84
18.2,37,3424,7.38,5.51
18.2,37,3276,7.36,5.24
18,48,3446,7.36,4.84
18,73,3145,7.39,4.5
18,55,3191,7.36,4.1
17.9,49,3313,7.35,4.21
17.7,65,3503,7.35,4.01
17.6,96,3200,7.36,3.67
17.7,72,3117,7.35,3.71
18,63,3721,7.35,4.23
18.4,59,3886,7.36,4.99
18.7,51,3951,7.37,4.61
18.7,45,3960,7.35,4.37
18.8,45,3918,7.34,4.47
18.6,38,3829,7.34,3.89
18.6,38,3832,7.34,3.89
18.4,44,3200,7.34,3.28
18.3,42,3813,7.33,3.5
18.3,46,3885,7.33,3.55
18.2,41,3882,7.34,3.59
18.1,42,3838,7.33,3.57
18,43,3554,7.33,3.49
17.9,43,3816,7.33,3.85
18.1,40,3841,7.34,4.25
18.1,46,3629,7.3,5.4
18,37,3734,7.31,4.97
17.9,37,3783,7.32,4.37
17.8,37,3703,7.33,4.25
17.7,36,3684,7.32,4.07
17.5,37,3753,7.32,4.07
17.5,33,3706,7.32,3.97
17.6,33,3718,7.33,4.1
17.8,27,2899,7.33,5.6
17.9,34,3176,7.31,5.05
18,30,3424,7.31,4.38
18.2,29,3627,7.34,5.48
18.2,27,3098,7.31,5.38
18.5,34,3531,7.34,7.18
18.7,40,3599,7.34,7.42
18.2,32,3515,7.31,4.81
18.1,33,3493,7.31,3.92
18.1,37,3879,7.31,3.81
18.1,40,3908,7.32,3.55
18.1,44,3936,7.33,2.81
18.1,48,4134,7.33,2.91
18.1,50,4116,7.33,2.93
18,61,3841,7.31,4.77
17.9,57,3348,7.3,4.38
17.7,53,3298,7.31,4.37
17.7,40,3430,7.31,3.65
18,43,4302,7.31,3.11
18,43,4122,7.32,2.76
17.5,37,3421,7.33,2.91
17.2,34,3418,7.33,3.36
17.2,37,3886,7.32,3.1
17.3,33,3718,7.31,3.92
17.5,36,3718,7.3,4.38
17.5,38,3749,7.31,3.21
17.6,41,3780,7.31,3.5
17.8,36,4050,7.31,3.12
17.8,40,4003,7.31,3.7
17.9,41,3338,7.31,4.15
18.1,57,4063,7.3,4.73
18.2,63,4367,7.49,5.61
18.1,67,4417,7.55,7.01
18,66,4650,7.5,4.79
18,70,4374,7.55,5.52
18,66,4709,7.48,4.25
18,67,4563,7.48,4.21
17.8,54,4401,7.54,5.07
17.8,36,4255,7.54,5.27
18,56,4690,7.46,3.81
17.9,54,4520,7.46,3.74
17.6,46,4402,7.49,4.72
18,43,4783,7.41,2.93
18,41,4745,7.46,3.95
17.8,38,4661,7.43,3.26
17.5,36,4566,7.46,3.76
17.3,36,4306,7.54,5.07
17.4,36,4100,7.55,5.46
17.5,45,4172,7.58,5.7
17.6,42,4223,7.52,5.03
17.7,49,4346,7.49,4.24
17.8,49,4271,7.58,5.77
18.8,46,4277,8,9.82
19,44,4100,8.06,10.47
18.6,37,4190,7.88,7.97
18.1,33,4311,7.71,7.07
18.5,46,4286,7.86,8.33
18.3,43,4239,7.81,8.03
18.2,42,4299,7.78,7.77
18.6,56,4186,7.94,8.82
18.9,69,4192,7.95,8.41
18.8,81,4069,7.81,6.76
18.8,59,3804,7.69,5.63
18.4,27,2740,7.61,5.98
18.2,25,2600,7.59,5.93
18.1,36,2624,7.57,6.26
18.4,40,2967,7.55,5.36
18.5,41,3082,7.52,4.87
18.3,40,2970,7.5,4.54
17.8,30,2693,7.51,4.97
17.7,33,2789,7.49,4.68
17.9,29,2865,7.5,4.93
,,,,
,,,,
,,,,
,,,,
18.8,49,3614,7.46,4.05
18.6,66,3642,7.46,3.96
18.7,94,3408,7.52,4.77
18.7,86,3384,7.55,5.34
18.6,72,3636,7.46,3.56
18.5,78,3586,7.52,4.31
18.4,71,3559,7.51,4.18
18.1,64,3525,7.55,4.71
18,61,3522,7.55,4.76
18,62,3393,7.56,4.86
17.8,61,3348,7.55,4.58
17.9,58,3244,7.56,4.9
17.6,55,3235,7.56,4.95
18,53,3876,7.53,4.73
18.1,47,4110,7.52,5.23
17.6,42,3791,7.54,4.88
17.5,43,3755,7.52,4.77
17.3,45,3618,7.52,4.7
17.1,50,3510,7.54,5.08
17.1,49,3556,7.53,5.09
17.2,48,3575,7.5,4.63
,,,,
,,,,
,,,,
,,,,
17.9,66,4230,7.5,4.38
18.1,70,4060,7.68,6.52
18,59,4016,7.66,5.59
17.8,66,4287,7.51,4.11
17.8,65,4321,7.53,4.32
17.8,64,4430,7.51,3.75
17.8,78,4268,7.55,4.27
17.8,68,4205,7.63,5.38
17.6,59,3923,7.6,5.05
17.4,65,3854,7.57,4.68
17.6,67,4108,7.55,4.45
17.1,63,3235,7.63,6.29
17.4,57,3914,7.55,4.64
16.8,74,2893,7.6,5.78
16.9,73,2874,7.59,5.79
16.8,71,2639,7.59,5.78
,,,,
,,,,
17,64,2438,7.55,5.63
17.1,55,2388,7.6,6.32
,,,,
,,,,
,,,,
,,,,
,,,,
,,,,
17.4,59,2862,7.45,4.83
17.4,55,3080,7.45,4.6
17.6,57,2884,7.58,5.98
17.4,55,3170,7.49,4.69
17.5,55,3363,7.48,4.63
17.6,55,3403,7.61,6.27
17.6,39,3366,7.62,6.47
17.5,47,3279,7.57,5.79
17.3,43,3216,7.57,5.75
17,36,3042,7.56,5.72
16.8,33,2994,7.56,5.75
16.7,36,2995,7.54,5.55
17,33,2824,7.56,6.24
17,42,2868,7.54,5.88
16.9,34,2805,7.53,5.65
16.9,43,2547,7.56,6.19
17.1,48,2476,7.6,6.62
17.3,44,2434,7.7,7.75
17.1,35,2778,7.49,5.13
17.2,56,2930,7.45,4.54
,,,,
,,,,
,,,,
,,,,
17.7,49,3251,7.53,4.22
17.6,38,3516,7.44,3.7
17.6,46,3780,7.45,3.67
17.8,58,3792,7.49,4.28
17.9,55,3930,7.5,4.11
17.9,58,3997,7.5,4.01
17.7,46,3758,7.5,4.56
17.8,63,3540,7.52,4.95
18.2,69,3649,7.57,4.68
18.3,85,3439,7.54,3.9
18.4,104,2985,7.53,4.18
18.5,84,2372,7.52,4.6
18.6,54,1737,7.56,5.7
18.4,30,1430,7.6,6.58
18.2,42,1300,7.61,6.8
18.2,54,1269,7.59,6.65
18.2,44,1300,7.62,6.71
18.4,68,1291,7.67,7.33
18.7,59,1322,7.78,8.26
18.6,51,1353,7.58,6.23
,,,,
,,,,
,,,,
,,,,
19.6,46,1596,7.88,8.68
19.6,62,1606,8.03,10.06
19.2,127,1606,7.76,7.67
19,38,1575,7.78,7.92
19,36,1568,7.77,7.62
18.9,37,1572,7.67,6.94
18.7,33,1547,7.68,7
18.7,27,1509,7.65,6.83
18.7,22,1491,7.65,6.64
,,,,
,,,,
,,,,
,,,,
,,,,
,,,,
,,,,
,,,,
,,,,
,,,,
,,,,
,,,,
,,,,
,,,,
,,,,
,,,,
,,,,
,,,,
,,,,
,,,,
,,,,
,,,,
,,,,
19.6,52,1484,7.6,6.45
19.5,66,1430,7.55,6.04
19.5,43,1421,7.62,6.87
19.5,38,1412,7.59,6.7
19.5,36,1409,7.61,6.67
19.4,33,1418,7.55,6.42
19.3,24,1406,7.55,6.3
19.4,25,1387,7.61,6.55
19.5,24,1387,7.65,6.56
19.4,48,1378,7.6,7.16
19.5,38,1783,7.47,5.44
19.5,39,1659,7.51,5.8
19.5,57,1827,7.5,5.11
19.6,42,1852,7.49,5.23
19.7,33,1842,7.52,5.48
19.7,27,1934,7.5,5.01
19.7,31,1946,7.51,4.84
19.6,42,1855,7.56,5.48
19.5,53,1877,7.46,4.54
19.2,37,1852,7.45,4.24
19.2,42,1983,7.41,3.63
18.9,48,1877,7.4,3.72
18.7,32,1808,7.39,3.68
18.6,23,1802,7.38,3.58
18.6,37,1796,7.38,3.34
18.4,26,1787,7.35,3.58
18.4,27,1805,7.34,3.15
18.4,25,1787,7.34,3.07
18.4,30,1747,7.35,3.04
18.3,25,1778,7.33,2.77
18.3,17,1716,7.33,2.99
18.2,25,1715,7.33,2.78
18.3,33,1722,7.33,2.58
18.2,22,1716,7.33,2.64
18.2,25,1737,7.32,2.55
18.3,29,1749,7.32,2.59
18.4,24,1795,7.32,2.43
18.5,22,1777,7.33,2.64
18.9,31,1771,7.4,3.5
18.7,31,1780,7.33,2.68
18.6,32,1780,7.36,2.94
18.6,34,1784,7.32,2.25
18.7,31,1784,7.34,2.45
18.7,33,1765,7.37,3.01
18.8,23,1762,7.38,3.19
18.8,16,1753,7.41,3.85
18.8,26,1778,7.4,3.92
18.8,25,1765,7.44,4.16
18.8,23,1760,7.44,4.85
19,19,1688,7.45,4.56
19,24,1756,7.42,4.05
18.9,23,1738,7.41,4.1
18.9,21,1738,7.41,3.94
18.8,16,1672,7.36,3.16
18.7,21,1666,7.34,3.27
18.8,46,1634,7.33,2.93
18.8,14,1646,7.35,3.1
19.2,29,1666,7.38,3.79
20,24,1672,7.58,5.85
20.2,43,1669,7.49,5.07
19.4,21,1669,7.38,3.55
19.4,11,1662,7.36,3.31
19.5,13,1666,7.37,4.39
19.6,13,1624,7.42,4.24
19.5,12,1675,7.39,3.35
20.5,32,1656,7.86,8.43
20.3,26,1653,7.71,6.82
19.9,23,1669,7.53,5.19
19.5,23,1653,7.39,3.72
19.2,10,1697,7.3,2.15
19.2,12,1707,7.28,1.85
19.2,10,1691,7.3,2.63
19.2,7,1694,7.29,2.27
19.1,14,1697,7.25,1.66
19,7,1694,7.25,1.58
19,7,1682,7.24,1.58
19,13,1669,7.24,1.45
19,6,1647,7.24,1.63
19,8,1682,7.24,1.33
18.9,11,1669,7.23,1.33
19,3,1682,7.23,1.43
19.2,3,1691,7.25,2.1
19.5,8,1516,7.27,2
19.1,6,1722,7.24,1.25
19,5,1691,7.23,1.78
19,4,1741,7.22,1.66
19.1,2,1839,7.24,1.52
19.2,13,2014,7.26,1.64
19.1,4,2039,7.28,2.18
19.2,2,2071,7.27,1.61
19.2,19,2071,7.3,2.31
19.2,17,2020,7.3,2.64
19.4,18,2099,7.33,2.46
19.4,15,2130,7.33,2.29
19.4,20,2142,7.31,2.12
19.4,11,2282,7.31,1.76
19.2,17,2189,7.31,1.94
19.2,16,2320,7.3,1.5
19.1,24,2282,7.3,2.19
19.2,16,2301,7.29,1.45
19.2,17,2173,7.3,2.28
19,21,2213,7.28,1.62
19,13,2117,7.27,1.46
19,16,2176,7.27,1.65
19,18,2170,7.27,1.67
19,10,2142,7.27,1.97
19.2,16,2133,7.28,3.81
,,,,
19.4,4,2189,7.2,3.05
19.6,23,2152,7.33,3.65
19.9,11,2139,7.47,5.64
19.9,11,2152,7.44,5.09
19.6,22,2173,7.32,3.89
20.2,15,2176,7.61,6.33
20.1,14,2152,7.64,6.86
20,23,2155,7.58,6.27
19.8,14,1830,7.5,5.38
19.7,14,2176,7.47,5.24
19.6,18,1989,7.43,4.69
19.5,24,2176,7.4,4.21
19.5,35,2201,7.37,3.83
19.4,22,2191,7.36,5.63
19.3,19,2201,7.34,4.01
19.2,32,2207,7.32,3.51
19.1,19,2170,7.33,3.84
19.1,24,1983,7.31,3.35
19.1,15,2229,7.28,3.27
19,17,2210,7.28,3.04
19.2,8,2247,7.29,2.96
19.4,59,2247,7.34,4.11
19.6,12,2247,7.41,5.09
21,34,2218,7.99,10.68
20.2,9,2231,7.54,6.41
20,6,2247,7.46,5.8
19.9,20,2241,7.38,5.09
19.7,3,2244,7.26,2.84
20.4,7,2231,7.51,4.71
20.4,10,2204,7.59,8.4
20.1,11,2210,7.48,6.22
19.8,10,2216,7.35,4.41
19.6,6,2210,7.27,3.06
19.5,3,2204,7.23,2.37
19.5,16,2241,7.2,1.72
19.4,1,2260,7.2,1.56
19.4,6,2259,7.2,1.53
19.4,16,2182,7.21,1.83
19.4,1,2213,7.21,2.37
19.4,4,2213,7.21,2.18
19.4,6,2207,7.21,2.63
19.4,1,2204,7.19,2.28
19.5,8,2188,7.18,2.23
19.5,1,2192,7.17,2.06
19.7,1,2176,7.18,2.01
20.1,19,2173,7.22,2.99
20.5,9,2120,7.31,4.82
20.5,6,2136,7.24,3.57
20.2,17,2152,7.16,1.87
20.3,4,2133,7.18,1.97
21.9,15,2111,7.72,9.51
21.7,11,2083,7.54,7.59
21.4,11,2105,7.42,6.09
21,16,2105,7.32,4.91
20.7,6,2114,7.25,3.95
20.4,10,2114,7.22,3.39
20.3,19,2142,7.21,3.01
20.2,14,2145,7.18,3.04
20.1,1,2225,7.17,1.87
20,16,2241,7.16,1.63
20,1,2260,7.16,1.49
19.9,2,2213,7.14,2.03
19.9,,2219,7.15,1.85
20,5,2222,7.15,1.65
20,,2204,7.15,1.86
20,5,2219,7.14,1.75
19.9,,2370,7.16,1.5
19.8,16,2369,7.16,1.65
19.8,1,2369,7.17,1.89
19.8,17,2572,7.17,2.19
19.9,17,2522,7.18,2
20,17,2547,7.2,3.25
20.2,24,2681,7.24,3.23
20.4,29,2668,7.28,4.49
20.5,22,2777,7.25,3.75
20.4,19,3232,7.24,2.83
20.4,23,2980,7.31,3.4
20.4,26,2893,7.34,4.56
20.3,42,2541,7.27,3.63
20.1,17,2952,7.3,4.12
20.2,21,2871,7.29,3.91
20.2,36,3044,7.26,3.59
,21,,,3.37
19.9,17,2942,7.25,3.31
19.8,18,2933,7.27,3.93
19.9,18,2886,7.25,3.31
19.8,18,2995,7.23,3.57
19.8,17,2881,7.21,2.7
19.8,16,3004,7.21,2.69
19.7,29,2921,7.18,2.48
19.6,13,2871,7.17,2.05
19.6,12,2830,7.16,2.03
19.6,26,2862,7.16,1.69
19.6,11,2842,7.15,2.5
19.7,12,2878,7.15,1.9
19.8,11,2877,7.14,2.12
19.8,14,2868,7.16,2.36
19.9,19,2887,7.16,2.49
19.9,14,2881,7.14,2.5
19.9,17,2887,7.13,2.69
19.8,24,2892,7.13,1.86
19.8,12,2874,7.15,3.7
19.7,11,2877,7.15,2.71
19.6,25,2858,7.16,3.5
19.6,7,2874,7.14,3.48
19.6,7,2905,7.13,2.33
19.6,13,2899,7.12,1.76
19.6,6,2992,7.13,1.93
19.6,7,3025,7.13,2.05
19.5,7,3057,7.13,1.57
19.5,4,3041,7.13,2.45
19.4,20,3039,7.13,1.36
19.4,4,2985,7.11,1.96
19.4,4,2512,7.11,1.6
19.2,19,2985,7.11,2.21
19.2,6,2943,7.1,1.95
19.3,7,2964,7.11,1.54
19.4,16,2961,7.12,2.34
19.6,16,3050,7.15,3.94
20,10,2525,7.2,3.74
20.3,16,2266,7.31,5.29
20.3,13,2409,7.2,3.9
20.2,32,2497,7.18,3.56
20.6,13,2459,7.35,5.82
20.8,51,2494,7.59,7.53
20.3,48,2519,7.26,4.11
20.2,33,2525,7.29,4.61
20.1,26,2504,7.33,5.34
20,23,2382,7.3,4.91
20,19,2316,7.26,4.65
20,32,2450,7.18,2.51
19.9,21,2649,7.18,3.15
19.8,24,2593,7.21,3.57
20.1,34,2862,7.23,3.29
19.8,17,2846,7.19,3.8
19.8,15,2406,7.18,4.54
19.9,29,2839,7.19,3.34
19.8,7,2786,7.15,2.05
19.6,11,2706,7.15,2.79
19.4,7,2596,7.14,2.39
19.4,6,2581,7.14,2.32
19.4,7,2562,7.14,3.31
19.4,10,2565,7.17,3.5
19.7,19,2690,7.15,2.72
19.6,27,2662,7.22,3.84
19.8,13,2639,7.23,4.03
19.8,14,2633,7.26,4.16
19.8,35,2510,7.3,5.34
