tem,PH,elec,tur,oxy
17.2,7.16,2529,70,5.74
17.2,7.17,1966,76,6.39
17.2,7.15,2257,74,6.48
17.2,7.14,1849,67,6.55
17.1,7.14,1494,67,6.86
17.1,7.12,2220,68,6.47
16.9,7.13,2049,66,6.32
16.8,7.13,2149,60,6.34
16.7,7.12,2153,60,6.5
16.7,7.12,2152,60,6.74
17,7.12,915,61,6.98
17.3,7.1,2318,64,5.97
17.3,7.12,2697,62,5.92
17.4,7.13,2925,74,6.25
17.5,7.15,2818,98,6.36
17.5,7.14,2551,96,6.03
17.7,7.15,2812,98,6.45
17.6,7.13,3033,96,6.06
17.7,7.15,2646,93,6.33
17.6,7.15,3061,97,6.04
17.4,7.15,3002,94,5.65
17.5,7.15,3099,87,5.7
17.5,7.16,2986,84,5.6
17.6,7.15,3099,84,5.84
17.5,7.14,3153,87,6.45
17.6,7.14,3358,76,5.66
17.6,7.17,3308,77,6.23
17.3,7.17,2897,63,5.75
17.2,7.14,850,64,5.34
17.2,7.15,2903,64,5.17
17.1,7.15,2177,60,5.13
17.1,7.14,2900,63,5.24
17,7.14,2913,68,5.08
17.2,7.14,2959,65,5.34
17.3,7.14,2238,75,5.6
17.4,7.14,2033,82,5.09
17.3,7.14,3248,75,5.22
17.4,7.15,3290,69,5.3
17.6,7.16,1769,80,5.13
17.7,7.15,3208,77,6.2
17.6,7.12,2576,77,5.62
17.8,7.13,2310,74,7.38
17.8,7.12,3220,90,6.39
17.7,7.13,3447,92,6.21
17.8,7.15,188,118,6.03
17.6,7.11,2962,91,7.01
17.6,7.1,2566,97,6.58
17.6,7.11,3102,106,6.03
17.4,7.12,2984,82,5.92
17.5,7.12,2968,86,5.59
17.4,7.14,3330,78,4.85
17.3,7.19,3579,100,4.2
17.5,7.21,224,91,4.52
17.3,7.19,2230,70,5.8
17.4,7.1,2024,53,6.3
17.5,7.12,1741,39,5.16
17.4,7.05,1448,32,6.73
17.6,7.05,1514,35,5.74
17.6,7.06,1654,47,4.87
17.7,7.09,1751,45,4.42
17.7,7.09,1738,45,4.78
17.7,7.08,1781,43,4.2
17.8,7.24,1806,165,6
17.8,7.28,1858,151,5.61
17.7,7.3,1996,46,5.3
17.6,7.34,2257,186,5.82
17.7,7.36,2238,206,6.12
17.7,7.38,2416,252,6.55
17.6,7.39,2358,154,6.04
17.7,7.41,1993,289,6.47
17.7,7.39,1981,330,6.61
17.8,7.36,2305,358,5.97
17.5,7.46,1938,326,6.26
17.6,7.42,1876,446,6.37
17.5,7.36,2002,454,5.57
17.7,7.36,2099,134,5.34
17.5,7.41,1950,264,5.58
17.5,7.38,1900,336,5.74
17.5,7.38,1831,109,5.81
17.6,7.35,1874,471,5.44
17.6,7.31,2457,350,4.91
17.8,7.35,2204,315,4.98
18,7.43,1785,355,6.89
18,7.37,1899,294,6.36
17.8,7.3,2407,272,4.74
18,7.37,2177,259,6.58
18,7.31,2712,135,5.35
18,7.39,2454,332,6.06
18.4,7.48,2241,292,7.01
18.6,7.39,2195,116,6.35
18.5,7.49,1992,220,8.07
18.4,7.48,2228,258,7.92
18.3,7.56,2011,207,8.21
18.4,7.46,2210,182,7.68
18.4,7.44,2182,301,7.53
18.4,7.43,2124,199,7.34
18.3,7.46,2130,212,7.18
18.4,7.38,2106,91,6.9
18.4,7.4,1812,237,7.23
18.4,7.36,2124,221,7.33
18.3,7.38,1741,57,7.62
18.4,7.33,1815,147,7.06
18.4,7.32,1719,205,6.93
18.4,7.31,1772,187,6.61
18.3,7.33,1790,338,6.46
18.4,7.25,2033,312,5.67
18.5,7.28,1769,205,6.01
18.5,7.23,1912,206,5.82
18.6,7.42,1815,84,7.53
18.5,7.24,2225,153,5.94
18.7,7.32,2288,239,6.87
18.6,7.32,2276,52,6.87
18.6,7.37,2758,230,7.03
18.9,7.41,2535,316,7.55
18.8,7.36,2668,291,7.14
18.8,7.36,2662,324,6.93
18.8,7.37,141,309,6.62
18.7,7.38,3258,420,7.27
18.7,7.38,3267,238,6.6
18.8,7.39,3236,130,6.38
18.6,7.42,3205,270,6.43
18.7,7.35,2986,262,6.15
18.7,7.32,2986,112,5.87
18.7,7.33,3299,227,5.82
18.6,7.35,3083,183,5.56
18.7,7.31,3014,182,5.66
18.6,7.3,2834,216,5.48
18.4,7.27,2576,126,5.25
18.4,7.27,2772,184,5.39
18.6,7.26,2971,286,5.09
18.4,7.3,2646,88,6.07
18.5,7.27,2617,279,6.14
18.4,7.28,2652,228,5.95
18.6,7.26,2696,149,5.77
18.6,7.3,2762,248,6.63
18.8,7.27,2842,239,6.22
18.5,7.27,3035,348,6.32
18.6,7.28,3090,229,6.12
18.5,7.27,3504,258,5.54
18.6,7.32,2989,212,6.53
18.5,7.29,3208,252,5.98
18.5,7.29,2978,92,6.26
18.4,7.28,2887,186,6.16
18.3,7.27,2826,208,5.88
18.4,7.27,3140,86,5.6
18.5,7.27,3115,263,5.48
18.5,7.27,3103,198,5.24
18.5,7.26,3137,224,5.14
18.4,7.27,3143,197,5
18.6,7.27,3271,177,4.95
18.4,7.27,3153,182,4.67
18.2,7.27,3026,230,4.8
18.2,7.25,3375,86,4.58
18.3,7.28,3036,165,4.53
18.3,7.25,3158,252,4.42
18.4,7.26,2971,77,4.11
18.3,7.24,3265,225,4.4
18.4,7.22,3208,209,4.96
18.5,7.25,3438,268,5.09
18.6,7.28,3140,285,6.05
18.6,7.28,2893,175,6.36
18.7,7.24,3008,255,5.97
18.7,7.24,3026,209,5.42
18.7,7.25,2931,86,5.44
18.6,7.25,2793,158,5.71
18.6,7.25,2554,169,6.29
18.5,7.23,2614,36,5.74
18.6,7.22,2351,151,5.63
18.5,7.23,2775,168,5.46
18.6,7.22,2691,130,5.42
18.6,7.22,2659,179,5.28
18.6,7.22,2747,97,5.32
18.3,7.22,2407,187,4.58
18.4,7.23,2790,155,4.46
18.4,7.25,3068,105,4.32
18.5,7.19,3205,302,5
18.6,7.24,2043,191,5.68
18.7,7.19,2152,231,3.95
18.8,7.23,2244,404,3.58
18.9,7.23,2201,403,4.43
19,7.23,2216,496,3.89
18.9,7.25,2235,500,3.48
19,7.48,2264,254,3.73
19.1,7.2,2283,255,4.05
19,7.35,2280,247,4.33
18.9,7.41,2241,245,4.49
18.9,7.45,2416,282,4.31
18.9,7.45,2544,271,3.9
18.9,7.46,2672,258,3.89
18.9,7.48,2694,227,3.76
18.8,7.49,2155,164,3.99
18.8,7.47,2260,146,3.8
18.7,7.46,2581,139,3.67
18.7,7.46,2494,143,3.52
18.8,7.45,2453,212,3.24
18.6,7.44,2516,108,3.18
18.6,7.43,2434,123,3.09
18.6,7.44,2459,84,3.12
18.5,7.43,2425,67,3.25
18.7,7.42,2621,122,2.55
18.8,7.45,3388,157,2.53
18.9,7.5,3420,129,3.57
18.8,7.51,3710,201,3.18
18.9,7.5,3660,141,2.82
19,7.52,2840,159,3.72
18.9,7.51,3491,195,3.05
19,7.56,3936,162,3.81
19.2,7.61,3855,140,4.6
18.8,7.57,4659,187,3.6
19,7.66,3871,151,4.59
18.9,7.67,4645,165,4.31
18.8,7.68,4199,113,4.75
18.8,7.68,4197,128,5.45
19,7.67,3283,110,4.66
18.9,7.65,4058,106,4.58
18.7,7.64,3264,56,5.06
18.6,7.62,3048,55,4.97
18.8,7.62,1379,58,4.94
18.8,7.6,3102,62,4.64
18.7,7.62,2472,36,5.54
18.4,7.6,942,26,5.56
18.4,7.57,2108,24,5.46
18.4,7.56,2087,24,5.11
18.4,7.55,2266,44,4.89
18.7,7.57,2599,56,4.93
18.8,7.56,2652,72,4.88
18.8,7.6,3855,150,4.48
19.2,7.65,2799,91,5.96
19.1,7.68,3452,164,5.57
19.6,7.76,2900,110,7.04
19.5,7.72,3216,101,6.45
19.8,7.78,3004,87,7.17
19.5,7.79,3706,134,6.62
19.6,7.83,3838,155,6.95
19.6,7.81,3886,137,6.7
19.5,7.77,4448,139,6.05
19.3,7.78,3889,95,6.69
19.3,7.75,3792,114,6.07
19.3,7.74,3991,87,6.03
19.2,7.76,3488,73,6.34
19.2,7.72,4141,90,5.74
19.2,7.71,3444,82,6.43
19.2,7.66,3565,61,5.48
19.2,7.63,3606,64,5.02
19.2,7.62,3656,72,4.94
19.2,7.6,1675,63,4.59
19.2,7.59,2878,44,4.91
19,7.6,2596,31,5.45
19.1,7.54,3229,80,4.55
19.2,7.56,3198,67,4.33
19.2,7.56,3001,76,4.88
19.3,7.55,3544,87,4.09
19.2,7.64,3101,130,5.52
19.3,7.64,3899,132,5.35
20.2,7.87,3171,109,7.91
19.7,7.69,3697,125,5.82
19.6,7.74,3133,114,6.11
19.9,7.85,3397,177,7.52
19.7,7.79,3659,123,6.98
19.7,7.78,3653,110,6.84
19.7,7.82,3513,103,7.07
19.7,7.82,3612,95,7.12
19.7,7.77,912,102,6.6
19.7,7.75,3672,91,5.95
19.6,7.71,3765,80,5.79
19.7,7.76,3599,74,7.02
19.7,7.69,3155,86,5.91
19.6,7.67,3744,82,5.45
19.4,7.67,2127,72,5.39
19.6,7.64,3491,72,5.37
19.5,7.61,3357,67,4.9
19.5,7.58,3360,85,4.48
19.5,7.57,3276,84,4.34
19.6,7.6,3450,65,4.8
19.7,7.65,3118,58,5.56
19.8,7.66,3023,78,5.87
19.7,7.65,3276,70,6.11
19.8,7.67,3326,65,5.92
20.3,7.94,2980,60,9
20.4,7.98,3222,87,8.63
20.4,7.99,3421,132,8.42
20.1,7.85,3646,124,7.05
20,7.79,3814,115,6.39
19.6,7.67,4542,94,4.72
19.6,7.71,4318,99,4.88
19.6,7.65,4138,103,4.31
19.8,7.74,4780,106,5.22
19.8,7.72,4536,113,4.84
19.7,7.76,4545,74,5.52
19.7,7.74,4504,76,5.27
19.8,7.73,4597,85,4.86
19.9,7.73,4771,85,4.6
19.7,7.71,4411,63,4.98
19.8,7.67,4560,72,4.53
19.7,7.66,4589,77,4.61
19.6,7.65,4343,53,4.53
19.6,7.63,4296,67,4.38
19.7,7.62,4511,89,4.12
19.8,7.61,4524,101,4.14
19.8,7.63,4697,96,4.61
19.8,7.61,4618,107,4.16
20,7.7,4591,88,5.13
20,7.67,4621,92,4.48
19.8,7.65,4520,91,4.34
19.7,7.65,4590,106,3.73
19.7,7.65,4878,104,3.75
19.7,7.63,5360,111,3.36
19.7,7.73,4661,114,4.24
19.7,7.76,5255,133,4.73
19.6,7.74,3851,100,4.69
19.6,7.76,4668,74,4.82
19.7,7.73,4032,53,4.81
19.7,7.7,3519,45,4.85
19.7,7.66,3507,39,4.82
19.6,7.64,3684,49,4.46
19.6,7.63,3098,43,4.41
19.4,7.65,3456,34,4.81
19.4,7.63,3079,31,5.21
19.3,7.62,3415,29,5.01
19.3,7.6,3390,38,4.9
19.2,7.62,3360,35,4.89
19.5,7.6,3450,54,4.61
19.8,7.56,3905,66,3.71
19.9,7.55,4044,93,3.73
20,7.58,4016,101,3.59
20,7.62,4076,88,4.33
19.9,7.6,3902,88,4.62
19.7,7.6,4215,98,4.46
19.8,7.7,4129,97,5.43
19.8,7.65,4237,112,5.48
19.8,7.65,4404,93,4.73
19.7,7.64,4386,99,4.65
19.8,7.67,4300,118,4.6
19.7,7.66,3729,86,4.85
19.6,7.63,4089,79,4.67
19.7,7.6,3479,57,4.46
19.8,7.59,3554,45,4.24
19.8,7.56,3429,40,4.23
19.6,7.56,3345,38,4.11
19.6,7.64,3109,26,5.38
19.6,7.62,3146,31,5.01
19.7,7.55,2857,35,3.96
19.5,7.59,3035,31,4.92
19.5,7.59,3014,35,4.94
19.5,7.59,3077,35,4.8
19.8,7.51,3311,45,3.56
20,7.49,3364,54,3.13
19.9,7.64,3302,97,5.39
20.1,7.61,2336,62,6.05
20.2,7.69,3286,53,6.77
20.5,7.82,2882,64,7.94
20.7,8.04,2999,72,9.76
20.8,8.03,2609,64,9.37
20.7,8.1,2719,52,10.34
20.5,7.97,2862,44,9.27
20.2,7.77,3105,54,7.05
20.4,7.84,2652,49,7.62
20.1,7.65,3099,59,6.24
20.1,7.67,2852,50,6.18
20.1,7.71,1710,42,6.75
20,7.6,3413,50,4.88
19.9,7.58,3678,53,4.61
19.9,7.59,3207,51,4.78
19.9,7.58,3808,55,4.59
19.8,7.56,4207,67,3.63
19.7,7.58,3753,45,4.5
19.6,7.57,3083,43,4.43
19.6,7.55,3615,49,4.02
19.5,7.56,3544,51,4.07
19.4,7.56,3016,67,4.09
19.5,7.63,3434,44,5.32
19.6,7.67,3478,47,5.24
19.7,7.61,3519,62,4.69
19.7,7.56,3599,70,4.34
19.8,7.64,3581,60,5.3
19.7,7.66,3734,78,5.15
19.7,7.76,3364,73,6.15
19.6,7.76,3668,73,6.33
19.6,7.76,3756,64,6.13
19.4,7.73,3198,58,6.11
19.4,7.73,3845,68,6.25
19.3,7.72,3257,67,6.17
19.2,7.71,3478,60,6.14
19.1,7.65,3681,65,5.32
19.1,7.68,3974,66,4.84
19.1,7.64,3550,66,4.68
19,7.6,3826,56,3.96
19,7.54,3351,32,3.85
19.1,7.52,2675,23,4
19,7.49,2379,24,3.98
18.9,7.48,2394,34,3.82
18.8,7.48,2482,32,3.78
18.8,7.5,2429,36,3.94
19,7.48,2532,62,3.72
19.2,7.53,2631,50,4.34
19.3,7.48,2912,50,3.64
19.3,7.54,3042,141,4.19
19.6,7.55,1432,159,4.6
19.5,7.53,2681,160,4.2
19.8,7.56,2833,135,4.68
19.9,7.64,2684,105,5.34
19.6,7.57,2949,109,4.53
19.3,7.53,3264,111,3.88
19.3,7.52,3357,94,3.62
19.3,7.52,3348,103,3.45
19,7.53,2706,97,4.73
19.1,7.49,3335,94,3.36
19.2,7.48,3462,93,3
19.3,7.53,3554,86,3.26
18.7,7.55,3280,86,3.92
18.7,7.52,2940,81,3.71
18.7,7.51,2946,42,3.92
19.1,7.51,3487,59,3.01
19.2,7.49,3385,72,2.69
19.2,7.49,3829,63,2.93
18.5,7.51,3173,42,3.53
19.1,7.5,3826,63,2.56
19.1,7.5,4007,80,2.85
18.9,7.55,4218,160,3.82
18.9,7.57,3927,147,4.06
18.9,7.67,3596,97,4.55
18.9,7.58,4181,126,4.57
19,7.58,4162,119,4.12
19.1,7.61,4288,102,4.5
19.4,7.66,4144,85,5.12
19.3,7.61,3942,93,4.65
19.2,7.59,4211,100,4.44
19.1,7.59,3994,86,4.61
19.1,7.59,3730,90,4.42
19.1,7.57,4230,86,4.25
19,7.56,4282,87,3.93
19,7.57,4390,80,4.07
18.9,7.58,3547,75,4.27
18.6,7.56,3762,62,4.18
18.8,7.53,3544,73,3.66
18.8,7.51,3369,50,3.38
18.8,7.53,3697,54,3.37
18.7,7.51,3506,50,3.35
18.6,7.49,3308,55,3.23
18.3,7.49,3088,53,3.89
18.2,7.53,2899,33,5.49
18.2,7.54,2476,33,5.51
18.5,7.56,1842,33,6.03
18.6,7.51,3070,50,4.88
18.7,7.59,2466,47,5.95
18.7,7.54,2930,46,5.84
19.1,7.64,2827,42,7.18
18.6,7.49,3179,44,4.29
18.7,7.55,3101,49,4.91
18.8,7.58,3421,60,6.04
18.8,7.54,3804,80,4.88
18.9,7.6,4230,83,5.93
18.9,7.57,3267,76,5.25
18.9,7.57,4064,77,5.37
18.9,7.54,4233,84,4.9
18.8,7.49,3700,68,3.8
18.7,7.54,3127,58,4.66
18.6,7.48,3366,56,4.23
18.7,7.47,2952,56,4.04
18.6,7.48,2693,51,4.57
18.6,7.47,2435,44,5.55
18.6,7.45,2700,45,4.68
18.6,7.43,2516,45,4.38
18.5,7.42,2815,44,4.3
18.5,7.46,1447,37,4.73
18.7,7.47,604,36,5.38
18.8,7.47,2027,46,5.76
18.9,7.43,2703,55,4.7
19.2,7.48,2802,53,5.31
19.1,7.45,2450,49,5.33
19.2,7.43,951,64,4.88
19,7.42,2884,74,4.55
18.9,7.42,3307,79,4.24
18.9,7.43,3954,96,3.78
18.9,7.47,3973,94,3.83
19,7.47,3976,75,3.51
18.9,7.49,2497,81,3.49
18.9,7.48,4274,81,3.53
18.9,7.46,3539,84,3.37
19,7.47,4262,88,4.01
18.7,7.46,3675,57,4.58
18.8,7.43,3028,66,3.88
19,7.43,3841,69,3.98
19,7.43,3120,66,3.73
19,7.45,4119,61,4.11
18.9,7.44,2639,62,3.61
18.9,7.44,4339,65,3.54
18.8,7.43,4264,68,3.64
18.7,7.43,3672,63,3.53
18.6,7.42,3892,69,3.42
18.6,7.42,4012,60,4.04
18.7,7.43,4101,66,4.25
18.9,7.46,4063,59,5.18
18.8,7.46,3584,53,5.33
18.9,7.44,4138,66,5.02
18.9,7.45,3752,65,5.24
18.9,7.47,4057,82,5.02
18.9,7.46,3618,68,5.63
18.9,7.44,4110,78,5.19
18.8,7.43,4161,64,5.12
18.7,7.47,3777,53,5.48
18.6,7.42,3777,49,5.41
18.4,7.42,3575,40,5.63
18.3,7.39,3672,44,5.14
18.3,7.41,2986,47,5.84
18.2,7.38,3424,37,5.51
18.2,7.36,3276,37,5.24
18,7.36,3446,48,4.84
18,7.39,3145,73,4.5
18,7.36,3191,55,4.1
17.9,7.35,3313,49,4.21
17.7,7.35,3503,65,4.01
17.6,7.36,3200,96,3.67
17.7,7.35,3117,72,3.71
18,7.35,3721,63,4.23
18.4,7.36,3886,59,4.99
18.7,7.37,3951,51,4.61
18.7,7.35,3960,45,4.37
18.8,7.34,3918,45,4.47
18.6,7.34,3829,38,3.89
18.6,7.34,3832,38,3.89
18.4,7.34,3200,44,3.28
18.3,7.33,3813,42,3.5
18.3,7.33,3885,46,3.55
18.2,7.34,3882,41,3.59
18.1,7.33,3838,42,3.57
18,7.33,3554,43,3.49
17.9,7.33,3816,43,3.85
18.1,7.34,3841,40,4.25
18.1,7.3,3629,46,5.4
18,7.31,3734,37,4.97
17.9,7.32,3783,37,4.37
17.8,7.33,3703,37,4.25
17.7,7.32,3684,36,4.07
17.5,7.32,3753,37,4.07
17.5,7.32,3706,33,3.97
17.6,7.33,3718,33,4.1
17.8,7.33,2899,27,5.6
17.9,7.31,3176,34,5.05
18,7.31,3424,30,4.38
18.2,7.34,3627,29,5.48
18.2,7.31,3098,27,5.38
18.5,7.34,3531,34,7.18
18.7,7.34,3599,40,7.42
18.2,7.31,3515,32,4.81
18.1,7.31,3493,33,3.92
18.1,7.31,3879,37,3.81
18.1,7.32,3908,40,3.55
18.1,7.33,3936,44,2.81
18.1,7.33,4134,48,2.91
18.1,7.33,4116,50,2.93
18,7.31,3841,61,4.77
17.9,7.3,3348,57,4.38
17.7,7.31,3298,53,4.37
17.7,7.31,3430,40,3.65
18,7.31,4302,43,3.11
18,7.32,4122,43,2.76
17.5,7.33,3421,37,2.91
17.2,7.33,3418,34,3.36
17.2,7.32,3886,37,3.1
17.3,7.31,3718,33,3.92
17.5,7.3,3718,36,4.38
17.5,7.31,3749,38,3.21
17.6,7.31,3780,41,3.5
17.8,7.31,4050,36,3.12
17.8,7.31,4003,40,3.7
17.9,7.31,3338,41,4.15
18.1,7.3,4063,57,4.73
18.2,7.49,4367,63,5.61
18.1,7.55,4417,67,7.01
18,7.5,4650,66,4.79
18,7.55,4374,70,5.52
18,7.48,4709,66,4.25
18,7.48,4563,67,4.21
17.8,7.54,4401,54,5.07
17.8,7.54,4255,36,5.27
18,7.46,4690,56,3.81
17.9,7.46,4520,54,3.74
17.6,7.49,4402,46,4.72
18,7.41,4783,43,2.93
18,7.46,4745,41,3.95
17.8,7.43,4661,38,3.26
17.5,7.46,4566,36,3.76
17.3,7.54,4306,36,5.07
17.4,7.55,4100,36,5.46
17.5,7.58,4172,45,5.7
17.6,7.52,4223,42,5.03
17.7,7.49,4346,49,4.24
17.8,7.58,4271,49,5.77
18.8,8,4277,46,9.82
19,8.06,4100,44,10.47
18.6,7.88,4190,37,7.97
18.1,7.71,4311,33,7.07
18.5,7.86,4286,46,8.33
18.3,7.81,4239,43,8.03
18.2,7.78,4299,42,7.77
18.6,7.94,4186,56,8.82
18.9,7.95,4192,69,8.41
18.8,7.81,4069,81,6.76
18.8,7.69,3804,59,5.63
18.4,7.61,2740,27,5.98
18.2,7.59,2600,25,5.93
18.1,7.57,2624,36,6.26
18.4,7.55,2967,40,5.36
18.5,7.52,3082,41,4.87
18.3,7.5,2970,40,4.54
17.8,7.51,2693,30,4.97
17.7,7.49,2789,33,4.68
17.9,7.5,2865,29,4.93
,,,,
,,,,
,,,,
,,,,
18.8,7.46,3614,49,4.05
18.6,7.46,3642,66,3.96
18.7,7.52,3408,94,4.77
18.7,7.55,3384,86,5.34
18.6,7.46,3636,72,3.56
18.5,7.52,3586,78,4.31
18.4,7.51,3559,71,4.18
18.1,7.55,3525,64,4.71
18,7.55,3522,61,4.76
18,7.56,3393,62,4.86
17.8,7.55,3348,61,4.58
17.9,7.56,3244,58,4.9
17.6,7.56,3235,55,4.95
18,7.53,3876,53,4.73
18.1,7.52,4110,47,5.23
17.6,7.54,3791,42,4.88
17.5,7.52,3755,43,4.77
17.3,7.52,3618,45,4.7
17.1,7.54,3510,50,5.08
17.1,7.53,3556,49,5.09
17.2,7.5,3575,48,4.63
,,,,
,,,,
,,,,
,,,,
17.9,7.5,4230,66,4.38
18.1,7.68,4060,70,6.52
18,7.66,4016,59,5.59
17.8,7.51,4287,66,4.11
17.8,7.53,4321,65,4.32
17.8,7.51,4430,64,3.75
17.8,7.55,4268,78,4.27
17.8,7.63,4205,68,5.38
17.6,7.6,3923,59,5.05
17.4,7.57,3854,65,4.68
17.6,7.55,4108,67,4.45
17.1,7.63,3235,63,6.29
17.4,7.55,3914,57,4.64
16.8,7.6,2893,74,5.78
16.9,7.59,2874,73,5.79
16.8,7.59,2639,71,5.78
,,,,
,,,,
17,7.55,2438,64,5.63
17.1,7.6,2388,55,6.32
,,,,
,,,,
,,,,
,,,,
,,,,
,,,,
17.4,7.45,2862,59,4.83
17.4,7.45,3080,55,4.6
17.6,7.58,2884,57,5.98
17.4,7.49,3170,55,4.69
17.5,7.48,3363,55,4.63
17.6,7.61,3403,55,6.27
17.6,7.62,3366,39,6.47
17.5,7.57,3279,47,5.79
17.3,7.57,3216,43,5.75
17,7.56,3042,36,5.72
16.8,7.56,2994,33,5.75
16.7,7.54,2995,36,5.55
17,7.56,2824,33,6.24
17,7.54,2868,42,5.88
16.9,7.53,2805,34,5.65
16.9,7.56,2547,43,6.19
17.1,7.6,2476,48,6.62
17.3,7.7,2434,44,7.75
17.1,7.49,2778,35,5.13
17.2,7.45,2930,56,4.54
,,,,
,,,,
,,,,
,,,,
17.7,7.53,3251,49,4.22
17.6,7.44,3516,38,3.7
17.6,7.45,3780,46,3.67
17.8,7.49,3792,58,4.28
17.9,7.5,3930,55,4.11
17.9,7.5,3997,58,4.01
17.7,7.5,3758,46,4.56
17.8,7.52,3540,63,4.95
18.2,7.57,3649,69,4.68
18.3,7.54,3439,85,3.9
18.4,7.53,2985,104,4.18
18.5,7.52,2372,84,4.6
18.6,7.56,1737,54,5.7
18.4,7.6,1430,30,6.58
18.2,7.61,1300,42,6.8
18.2,7.59,1269,54,6.65
18.2,7.62,1300,44,6.71
18.4,7.67,1291,68,7.33
18.7,7.78,1322,59,8.26
18.6,7.58,1353,51,6.23
,,,,
,,,,
,,,,
,,,,
19.6,7.88,1596,46,8.68
19.6,8.03,1606,62,10.06
19.2,7.76,1606,127,7.67
19,7.78,1575,38,7.92
19,7.77,1568,36,7.62
18.9,7.67,1572,37,6.94
18.7,7.68,1547,33,7
18.7,7.65,1509,27,6.83
18.7,7.65,1491,22,6.64
,,,,
,,,,
,,,,
,,,,
,,,,
,,,,
,,,,
,,,,
,,,,
,,,,
,,,,
,,,,
,,,,
,,,,
,,,,
,,,,
,,,,
,,,,
,,,,
,,,,
,,,,
,,,,
,,,,
19.6,7.6,1484,52,6.45
19.5,7.55,1430,66,6.04
19.5,7.62,1421,43,6.87
19.5,7.59,1412,38,6.7
19.5,7.61,1409,36,6.67
19.4,7.55,1418,33,6.42
19.3,7.55,1406,24,6.3
19.4,7.61,1387,25,6.55
19.5,7.65,1387,24,6.56
19.4,7.6,1378,48,7.16
19.5,7.47,1783,38,5.44
19.5,7.51,1659,39,5.8
19.5,7.5,1827,57,5.11
19.6,7.49,1852,42,5.23
19.7,7.52,1842,33,5.48
19.7,7.5,1934,27,5.01
19.7,7.51,1946,31,4.84
19.6,7.56,1855,42,5.48
19.5,7.46,1877,53,4.54
19.2,7.45,1852,37,4.24
19.2,7.41,1983,42,3.63
18.9,7.4,1877,48,3.72
18.7,7.39,1808,32,3.68
18.6,7.38,1802,23,3.58
18.6,7.38,1796,37,3.34
18.4,7.35,1787,26,3.58
18.4,7.34,1805,27,3.15
18.4,7.34,1787,25,3.07
18.4,7.35,1747,30,3.04
18.3,7.33,1778,25,2.77
18.3,7.33,1716,17,2.99
18.2,7.33,1715,25,2.78
18.3,7.33,1722,33,2.58
18.2,7.33,1716,22,2.64
18.2,7.32,1737,25,2.55
18.3,7.32,1749,29,2.59
18.4,7.32,1795,24,2.43
18.5,7.33,1777,22,2.64
18.9,7.4,1771,31,3.5
18.7,7.33,1780,31,2.68
18.6,7.36,1780,32,2.94
18.6,7.32,1784,34,2.25
18.7,7.34,1784,31,2.45
18.7,7.37,1765,33,3.01
18.8,7.38,1762,23,3.19
18.8,7.41,1753,16,3.85
18.8,7.4,1778,26,3.92
18.8,7.44,1765,25,4.16
18.8,7.44,1760,23,4.85
19,7.45,1688,19,4.56
19,7.42,1756,24,4.05
18.9,7.41,1738,23,4.1
18.9,7.41,1738,21,3.94
18.8,7.36,1672,16,3.16
18.7,7.34,1666,21,3.27
18.8,7.33,1634,46,2.93
18.8,7.35,1646,14,3.1
19.2,7.38,1666,29,3.79
20,7.58,1672,24,5.85
20.2,7.49,1669,43,5.07
19.4,7.38,1669,21,3.55
19.4,7.36,1662,11,3.31
19.5,7.37,1666,13,4.39
19.6,7.42,1624,13,4.24
19.5,7.39,1675,12,3.35
20.5,7.86,1656,32,8.43
20.3,7.71,1653,26,6.82
19.9,7.53,1669,23,5.19
19.5,7.39,1653,23,3.72
19.2,7.3,1697,10,2.15
19.2,7.28,1707,12,1.85
19.2,7.3,1691,10,2.63
19.2,7.29,1694,7,2.27
19.1,7.25,1697,14,1.66
19,7.25,1694,7,1.58
19,7.24,1682,7,1.58
19,7.24,1669,13,1.45
19,7.24,1647,6,1.63
19,7.24,1682,8,1.33
18.9,7.23,1669,11,1.33
19,7.23,1682,3,1.43
19.2,7.25,1691,3,2.1
19.5,7.27,1516,8,2
19.1,7.24,1722,6,1.25
19,7.23,1691,5,1.78
19,7.22,1741,4,1.66
19.1,7.24,1839,2,1.52
19.2,7.26,2014,13,1.64
19.1,7.28,2039,4,2.18
19.2,7.27,2071,2,1.61
19.2,7.3,2071,19,2.31
19.2,7.3,2020,17,2.64
19.4,7.33,2099,18,2.46
19.4,7.33,2130,15,2.29
19.4,7.31,2142,20,2.12
19.4,7.31,2282,11,1.76
19.2,7.31,2189,17,1.94
19.2,7.3,2320,16,1.5
19.1,7.3,2282,24,2.19
19.2,7.29,2301,16,1.45
19.2,7.3,2173,17,2.28
19,7.28,2213,21,1.62
19,7.27,2117,13,1.46
19,7.27,2176,16,1.65
19,7.27,2170,18,1.67
19,7.27,2142,10,1.97
19.2,7.28,2133,16,3.81
,,,,
19.4,7.2,2189,4,3.05
19.6,7.33,2152,23,3.65
19.9,7.47,2139,11,5.64
19.9,7.44,2152,11,5.09
19.6,7.32,2173,22,3.89
20.2,7.61,2176,15,6.33
20.1,7.64,2152,14,6.86
20,7.58,2155,23,6.27
19.8,7.5,1830,14,5.38
19.7,7.47,2176,14,5.24
19.6,7.43,1989,18,4.69
19.5,7.4,2176,24,4.21
19.5,7.37,2201,35,3.83
19.4,7.36,2191,22,5.63
19.3,7.34,2201,19,4.01
19.2,7.32,2207,32,3.51
19.1,7.33,2170,19,3.84
19.1,7.31,1983,24,3.35
19.1,7.28,2229,15,3.27
19,7.28,2210,17,3.04
19.2,7.29,2247,8,2.96
19.4,7.34,2247,59,4.11
19.6,7.41,2247,12,5.09
21,7.99,2218,34,10.68
20.2,7.54,2231,9,6.41
20,7.46,2247,6,5.8
19.9,7.38,2241,20,5.09
19.7,7.26,2244,3,2.84
20.4,7.51,2231,7,4.71
20.4,7.59,2204,10,8.4
20.1,7.48,2210,11,6.22
19.8,7.35,2216,10,4.41
19.6,7.27,2210,6,3.06
19.5,7.23,2204,3,2.37
19.5,7.2,2241,16,1.72
19.4,7.2,2260,1,1.56
19.4,7.2,2259,6,1.53
19.4,7.21,2182,16,1.83
19.4,7.21,2213,1,2.37
19.4,7.21,2213,4,2.18
19.4,7.21,2207,6,2.63
19.4,7.19,2204,1,2.28
19.5,7.18,2188,8,2.23
19.5,7.17,2192,1,2.06
19.7,7.18,2176,1,2.01
20.1,7.22,2173,19,2.99
20.5,7.31,2120,9,4.82
20.5,7.24,2136,6,3.57
20.2,7.16,2152,17,1.87
20.3,7.18,2133,4,1.97
21.9,7.72,2111,15,9.51
21.7,7.54,2083,11,7.59
21.4,7.42,2105,11,6.09
21,7.32,2105,16,4.91
20.7,7.25,2114,6,3.95
20.4,7.22,2114,10,3.39
20.3,7.21,2142,19,3.01
20.2,7.18,2145,14,3.04
20.1,7.17,2225,1,1.87
20,7.16,2241,16,1.63
20,7.16,2260,1,1.49
19.9,7.14,2213,2,2.03
19.9,7.15,2219,,1.85
20,7.15,2222,5,1.65
20,7.15,2204,,1.86
20,7.14,2219,5,1.75
19.9,7.16,2370,,1.5
19.8,7.16,2369,16,1.65
19.8,7.17,2369,1,1.89
19.8,7.17,2572,17,2.19
19.9,7.18,2522,17,2
20,7.2,2547,17,3.25
20.2,7.24,2681,24,3.23
20.4,7.28,2668,29,4.49
20.5,7.25,2777,22,3.75
20.4,7.24,3232,19,2.83
20.4,7.31,2980,23,3.4
20.4,7.34,2893,26,4.56
20.3,7.27,2541,42,3.63
20.1,7.3,2952,17,4.12
20.2,7.29,2871,21,3.91
20.2,7.26,3044,36,3.59
,,,21,3.37
19.9,7.25,2942,17,3.31
19.8,7.27,2933,18,3.93
19.9,7.25,2886,18,3.31
19.8,7.23,2995,18,3.57
19.8,7.21,2881,17,2.7
19.8,7.21,3004,16,2.69
19.7,7.18,2921,29,2.48
19.6,7.17,2871,13,2.05
19.6,7.16,2830,12,2.03
19.6,7.16,2862,26,1.69
19.6,7.15,2842,11,2.5
19.7,7.15,2878,12,1.9
19.8,7.14,2877,11,2.12
19.8,7.16,2868,14,2.36
19.9,7.16,2887,19,2.49
19.9,7.14,2881,14,2.5
19.9,7.13,2887,17,2.69
19.8,7.13,2892,24,1.86
19.8,7.15,2874,12,3.7
19.7,7.15,2877,11,2.71
19.6,7.16,2858,25,3.5
19.6,7.14,2874,7,3.48
19.6,7.13,2905,7,2.33
19.6,7.12,2899,13,1.76
19.6,7.13,2992,6,1.93
19.6,7.13,3025,7,2.05
19.5,7.13,3057,7,1.57
19.5,7.13,3041,4,2.45
19.4,7.13,3039,20,1.36
19.4,7.11,2985,4,1.96
19.4,7.11,2512,4,1.6
19.2,7.11,2985,19,2.21
19.2,7.1,2943,6,1.95
19.3,7.11,2964,7,1.54
19.4,7.12,2961,16,2.34
19.6,7.15,3050,16,3.94
20,7.2,2525,10,3.74
20.3,7.31,2266,16,5.29
20.3,7.2,2409,13,3.9
20.2,7.18,2497,32,3.56
20.6,7.35,2459,13,5.82
20.8,7.59,2494,51,7.53
20.3,7.26,2519,48,4.11
20.2,7.29,2525,33,4.61
20.1,7.33,2504,26,5.34
20,7.3,2382,23,4.91
20,7.26,2316,19,4.65
20,7.18,2450,32,2.51
19.9,7.18,2649,21,3.15
19.8,7.21,2593,24,3.57
20.1,7.23,2862,34,3.29
19.8,7.19,2846,17,3.8
19.8,7.18,2406,15,4.54
19.9,7.19,2839,29,3.34
19.8,7.15,2786,7,2.05
19.6,7.15,2706,11,2.79
19.4,7.14,2596,7,2.39
19.4,7.14,2581,6,2.32
19.4,7.14,2562,7,3.31
19.4,7.17,2565,10,3.5
19.7,7.15,2690,19,2.72
19.6,7.22,2662,27,3.84
19.8,7.23,2639,13,4.03
19.8,7.26,2633,14,4.16
19.8,7.3,2510,35,5.34
19.7,7.24,2627,21,5.71
19.7,7.3,2616,28,4.81
19.6,7.17,2795,26,2.38
19.6,7.18,2737,20,3.31
19.3,7.22,2677,23,3.45
19.2,7.19,2699,24,3.78
19.3,7.19,2624,17,2.75
19.2,7.19,2606,32,3.31
19.2,7.2,2725,25,2.36
19.2,7.19,2811,21,2.83
19.1,7.18,2476,26,3.97
19.2,7.17,2746,16,2.76
19.2,7.18,2864,19,2.23
19,7.16,2718,11,2.61
19.2,7.16,2930,20,2.81
18.8,7.15,2668,25,2.66
18.8,7.16,2639,11,3.56
18.9,7.16,2746,16,3.72
19,7.16,2745,26,3.07
19.3,7.16,2786,7,3.22
19.4,7.24,1152,11,5.17
19.3,7.09,2758,31,4.51
20.4,7.4,2714,35,7.91
20.2,7.42,2692,33,8.33
20.1,7.42,2623,33,8
20.2,7.45,2568,35,8.46
20,7.41,2629,38,7.88
19.9,7.34,2469,41,7.42
19.8,7.31,2629,43,6.57
19.6,7.26,2468,40,6.55
19.6,7.24,2583,32,5.83
19.6,7.23,2565,33,6.11
19.6,7.23,2568,33,5.84
19.5,7.21,2550,30,5.58
19.5,7.2,2571,32,5.27
19.6,7.17,2730,36,4.54
19.5,7.19,2620,32,4.29
19.5,7.17,2664,41,3.98
19.5,7.15,2645,36,4.2
19.3,7.15,2611,35,4.18
19.3,7.18,2602,35,4.07
19.5,7.27,2458,26,6.62
19.8,7.32,2390,29,7.26
20.5,7.51,2227,33,9.24
20.2,7.38,2340,28,7.98
19.8,7.18,2515,34,5.44
19.7,7.14,2543,31,4.22
19.9,7.18,2512,27,5.11
20,7.23,2468,33,5.65
19.9,7.2,2602,43,4.75
19.8,7.23,2440,43,5.06
19.8,7.28,2623,44,5.59
20,7.33,2749,36,6.37
20,7.32,2823,46,5.83
20.1,7.3,2926,51,5.6
20,7.33,2503,38,6.42
20,7.34,2845,33,6.24
20,7.32,2774,28,6.84
20,7.26,2924,38,5.27
19.8,7.26,2864,33,5.86
19.8,7.28,2886,36,5.7
19.6,7.24,2842,31,5.53
19.6,7.22,2749,30,4.99
19.6,7.2,2842,33,4.3
19.6,7.21,2767,34,4.92
19.8,7.19,2864,37,4.47
19.9,7.17,2889,41,3.91
20,7.16,3004,35,4.36
20.4,7.26,2960,35,5.64
21.2,7.45,2883,30,8.39
21.2,7.54,2506,33,9.37
20.8,7.43,2833,32,8.23
20.6,7.41,2883,36,8.04
20.7,7.46,2926,51,8.54
20.6,7.43,2937,52,8.25
20.6,7.39,2764,51,7.28
20.5,7.37,3060,47,6.77
20.3,7.31,3172,46,6.15
20.3,7.3,3160,46,6.09
20.2,7.29,3181,44,5.84
20.1,7.31,2979,36,6.76
20,7.28,3070,35,6.61
20.1,7.28,2970,33,6.38
20.1,7.25,1101,37,5.49
20,7.25,3166,42,5.51
20.1,7.21,3228,44,5.15
19.9,7.22,3160,32,5.33
19.7,7.22,3098,33,5.63
19.8,7.24,2540,29,6.16
19.9,7.27,3002,28,7.13
20.1,7.27,2736,35,6.6
20.1,7.24,3016,36,5.99
20.1,7.23,3028,42,5.62
20.3,7.24,3025,37,6.57
21.2,7.46,3034,32,9.38
21.4,7.5,3041,35,9.62
20.2,7.21,3056,38,5.45
20.3,7.21,3007,37,5.58
21.1,7.5,3034,37,9.67
20.6,7.26,2814,39,6.38
20.9,7.38,2654,37,7.98
21,7.46,3043,41,9.02
21,7.43,3016,46,8.56
20.8,7.4,2908,36,8.39
20.5,7.33,2655,35,7.85
20.4,7.28,2646,32,7.04
20.2,7.25,2466,28,7.36
20.3,7.22,2484,32,6.9
20.3,7.25,2406,25,7.03
20.5,7.25,2381,28,7.35
20.6,7.24,1314,29,7.68
20.5,7.2,2306,35,6.61
20.4,7.22,2225,29,6.93
20.5,7.19,2313,41,7.28
20.5,7.14,2462,46,6.34
20.4,7.11,2553,70,5.65
20.5,7.11,2826,63,4.71
20.6,7.13,3151,60,5.55
20.6,7.14,3113,60,5.2
20.7,7.14,1157,56,5.1
20.6,7.16,3942,62,5.9
20.6,7.19,4183,67,4.75
20.6,7.2,4415,92,5.07
20.6,7.2,4028,80,4.23
20.6,7.2,4395,88,4.59
20.5,7.2,4404,77,4.3
20.5,7.21,4153,74,4.12
20.5,7.21,4286,77,4.63
20.4,7.21,4202,71,4.79
20.1,7.24,3649,58,4.93
20.3,7.18,4470,68,5.55
20.1,7.23,3758,57,5.1
20.3,7.19,3436,60,4.33
20.1,7.18,4088,47,4.19
19.9,7.2,3826,76,5.01
20.1,7.18,3411,70,4.24
20.1,7.17,3266,55,5.29
20.1,7.16,2848,36,3.57
20.1,7.15,2801,32,5.66
20.3,7.14,3151,51,3.3
20.4,7.15,3082,50,4.02
20.4,7.15,3204,54,2.55
20.4,7.14,3111,54,3.9
20.5,7.14,3029,52,3.79
20.4,7.15,3184,52,3.6
20.3,7.15,3360,57,2.29
20.2,7.16,3621,50,2.3
20.2,7.18,3522,41,4.49
20.3,7.17,3975,45,3.79
20.2,7.19,4128,49,2.89
19.6,7.21,3599,53,3.36
19.6,7.19,3493,53,5.07
19.7,7.19,3519,42,4.06
19.7,7.18,3671,49,4.03
19.8,7.18,3749,47,4.57
19.7,7.19,3813,41,4.4
19.4,7.19,3307,39,4.29
19.4,7.18,3528,35,4.65
19.3,7.16,3584,40,3.46
19.2,7.16,3580,36,3.54
19.2,7.15,3596,42,3.55
19.5,7.15,3266,56,3.7
19.7,7.16,3992,49,2.23
19.6,7.17,3758,51,2.89
19.6,7.16,3734,61,3.73
19.4,6.96,3581,70,4.75
19.6,7.34,3313,73,7.02
19.6,7.26,3289,82,5.81
19.7,7.19,3384,93,4.09
19.7,6.23,3478,92,3.26
19.5,6.22,2715,67,3.79
19.4,6.21,2802,77,4.72
19.4,6.2,2578,64,4.67
19.3,6.21,2437,58,4.42
19.3,6.2,1593,57,4.35
19.2,6.2,1662,55,4.17
19.1,6.2,2218,54,4
19.2,6.2,2057,54,3.51
19.3,6.19,1930,42,2.52
19.2,6.18,1817,41,2.27
19.1,6.2,2051,53,2.23
19.1,6.24,2521,63,3.42
19.2,6.23,2381,83,2.47
19.5,6.14,1185,59,2.44
19.6,6.14,1014,45,2.49
19.8,6.14,903,51,3.18
20.1,6.16,1044,56,3.22
20.9,6.16,1011,79,4.84
21.7,6.14,1026,102,6.48
21.3,6.08,1086,70,6.69
21.4,6.04,1095,80,6.63
21.5,5.88,1060,87,6.06
20.5,7.12,1111,77,3.72
20.3,6.84,1158,54,2.77
20.1,6.83,1198,45,1.93
20.1,6.83,1168,41,1.92
20,6.83,1180,37,1.74
20,6.85,1198,35,1.7
19.9,6.85,1232,31,1.93
19.9,6.85,1204,31,1.9
20,6.85,1204,31,2.1
20,6.86,1186,33,2.35
20,6.87,1194,35,2.25
20,6.88,1161,38,3.1
20,6.87,1189,33,2.42
20,6.89,1226,31,1.88
20,6.88,1217,29,1.73
20,6.89,1225,30,1.67
20,6.89,1210,32,1.91
20,6.9,1313,36,1.87
20.2,6.91,1437,38,2.08
20.3,6.91,1385,42,2.72
20.1,6.92,1624,46,2.61
20.4,6.92,1544,57,2.35
20.2,6.93,1568,57,1.87
20.2,6.93,1687,54,1.71
20.2,6.93,1729,54,2.25
20.2,6.95,2028,49,1.63
20.3,6.95,1883,55,1.94
20.3,6.96,2026,57,1.81
20.3,6.95,1877,55,2.39
20.2,6.98,2550,49,1.62
20.2,6.97,2364,48,1.64
20.2,6.97,2252,45,2.24
20.2,6.97,2381,53,1.92
20.3,6.97,2182,51,1.85
20.1,6.95,1762,52,2.13
20.1,6.96,1883,53,1.96
20.2,6.98,2339,49,1.58
20,6.96,1851,50,1.95
20,6.97,1767,49,2.12
20,6.98,2200,55,1.56
20,6.98,2048,57,2.68
20.1,6.99,2284,55,1.71
20.2,6.99,2310,54,1.92
20.3,6.99,2272,59,1.84
20.4,6.99,2292,66,2.62
20.6,6.99,2173,78,3.35
20.6,7,2319,98,2.98
20.7,6.99,2301,95,3.52
20.4,7,2539,66,2.21
20.4,7.01,2588,55,2.5
20.4,7.01,2472,71,3.52
20.4,7.01,2512,68,2.95
20.2,7,2559,74,3.06
20.1,7.01,2622,65,2.66
20.2,7.03,3098,67,2.1
20.2,7.03,3185,61,1.88
20.1,7.02,2839,59,2.41
20,7.02,2655,55,2.57
20,7.02,2746,48,2.25
19.9,7.01,2596,50,2.26
19.8,7.01,2624,49,2.23
20.1,7.03,2861,64,1.54
19.9,7.02,2733,54,1.7
20,7.03,2942,54,1.61
19.8,7.02,2769,47,2.24
20,7.03,3064,49,1.75
20,7.03,3004,45,1.94
20,7.03,3035,52,2.36
20.2,7.03,2846,69,3.6
20.3,7.04,3005,58,2.45
21,7.03,2884,83,4.87
20.8,7.04,2890,58,3.91
21,7.03,2802,57,5.44
21.1,7.04,2824,51,5.65
21.2,7.04,2868,69,6.97
21,7.04,2852,59,6.61
20.6,7.04,3260,74,3.87
20.4,7.05,3229,57,3.93
20.4,7.03,2985,52,5.17
20.2,7.03,2893,51,4.76
20.3,7.05,3547,45,2.73
20.4,7.06,3767,36,3.22
20.3,7.06,3810,43,2.98
20.2,7.06,3855,45,2.57
20.3,7.06,3985,47,2.17
20.2,7.07,4233,45,1.66
20.1,7.07,4523,38,1.49
20.1,7.08,4875,38,1.47
19.8,7.08,4681,44,2.23
20.2,7.09,5711,37,1.67
19.8,7.08,4414,45,2.95
20,7.09,5484,57,2.04
20.1,7.1,6230,39,1.71
20.1,7.09,5302,49,3.04
20.2,7.09,5117,70,3.61
20,7.1,5341,65,2.29
19.9,7.1,5320,62,2.2
19.9,7.1,5856,56,1.92
19.9,7.11,6311,45,1.85
20,7.11,6703,36,1.56
19.4,7.1,5128,57,3.13
19.5,7.09,5617,55,2.78
19.7,7.11,6340,46,1.95
19.3,7.1,5860,50,3.04
19,7.1,5705,41,3.3
18.6,7.1,5462,38,3.72
18.6,7.09,4988,41,4.51
18.4,7.08,4663,42,4.49
18.6,7.09,5138,45,3.63
18.6,7.09,5035,45,3.5
18.5,7.09,4593,39,3.8
18.4,7.08,4442,39,3.86
18.3,7.08,4422,47,3.87
18.3,7.08,4386,46,3.71
18.3,7.07,4066,48,4.42
18.5,7.07,3743,47,5.28
18.8,7.07,3637,44,5.99
19,7.07,3538,54,7.2
18.8,7.07,3807,61,5.06
18.8,7.07,3755,54,5.59
18.9,7.07,3721,59,5.64
19,7.07,3694,68,6.92
18.8,7.07,3654,49,7.62
18.8,7.07,3861,48,6.87
18.5,7.07,3633,42,7.48
18.5,7.07,3487,31,6.89
18.4,7.06,3247,26,6.13
18.6,7.06,3285,28,5.89
18.6,7.06,3266,32,5.86
18.6,7.07,3351,29,5.71
18.7,7.07,3490,30,5.36
18.6,7.07,3341,29,4.95
18.6,7.07,3313,32,4.66
18.4,7.06,3176,27,4.39
18.3,7.07,2998,26,4.34
18.4,7.06,3079,47,4.02
18.3,7.07,2967,53,4.52
18.7,7.07,3369,64,3.73
18.9,7.08,3706,54,3.47
18.9,7.08,3605,41,3.71
18.9,7.08,3675,37,3.65
19,7.08,3490,36,5.29
19.1,7.08,3182,33,8.64
18.9,7.08,3469,35,4.89
18.7,7.06,3528,31,3.84
18.7,7.06,4156,39,3.57
18.7,7.07,4386,39,3.44
18.7,7.08,4432,39,3.72
18.7,7.08,4769,33,3.26
18.7,7.08,4668,42,3.17
18.8,7.08,4625,39,3.46
18.7,7.1,5089,31,2.94
18.7,7.11,5460,41,2.83
18.8,7.11,5414,45,3.55
18.9,7.11,4681,55,2.69
18.7,7.1,4349,45,3.69
18.8,7.11,5030,52,2.44
18.8,7.11,5174,40,2.53
18.5,7.11,4722,39,3.03
18.4,7.11,4637,37,3.28
18.5,7.11,4569,35,3.45
18.6,7.11,4597,40,3.36
18.9,7.11,4857,37,2.21
19,7.12,4922,42,2.35
19,7.13,5202,41,2.79
19.1,7.13,5373,41,2.43
19.4,7.13,5340,44,2.95
19.4,7.14,5120,47,3.57
19.5,7.14,5009,56,4.24
19.1,7.13,5201,50,3.1
19,7.13,5818,46,2.02
19.1,7.12,4915,35,5.08
19.2,7.12,4786,42,5.29
19.1,7.12,4905,43,4.38
19.1,7.12,4865,43,4.3
19.3,7.12,5077,45,4.39
19.3,7.13,5089,42,4.13
19.1,7.12,4805,29,5.6
18.9,7.12,4663,24,5.75
19,7.12,4643,26,5.84
18.9,7.12,4644,26,5.47
19,7.12,4682,28,5.59
19,7.12,4678,29,5.34
19,7.12,4585,26,5.38
19,7.12,4569,29,5.58
19.2,7.12,4628,55,4.83
19.3,7.12,4609,46,4.77
19.4,7.13,4650,48,5.05
19.7,7.14,4511,32,8.58
19.6,7.14,4423,28,8.31
19.9,7.15,4411,29,9.74
20.2,7.16,4414,32,11.71
19.7,7.16,4508,32,7.95
19.6,7.59,4523,36,6.33
19.8,7.97,4538,42,9.23
19.8,8.06,4362,26,9.54
19.8,8.16,4390,31,9.95
19.7,7.87,4471,35,8.72
19.9,8,4386,29,9.41
19.9,8.01,4390,33,9.34
19.7,7.56,4355,38,6.79
19.5,7.46,4423,40,5.48
19.6,7.49,4090,36,6.01
19.6,7.7,4257,29,7.63
19.6,7.82,4081,27,8.44
19.6,7.74,4279,29,8.2
19.5,7.74,3898,29,8.18
19.5,7.85,3607,25,8.67
19.8,7.98,3805,33,9.2
19.9,8.09,3691,40,9.7
19.7,7.79,3713,33,8.67
19.7,7.76,3688,31,8.53
20.4,8.23,3585,34,10.37
20.7,8.48,3682,32,11.76
20.6,7.95,3914,49,9.77
20.4,7.86,4000,42,8.53
20.4,7.77,4248,39,7.9
20.1,7.63,4468,45,7.19
19.8,7.42,5218,49,5.04
20,7.54,5392,50,6.15
19.9,7.47,5905,50,5.3
19.8,7.51,5568,46,5.75
19.8,7.4,5865,45,4.39
19.8,7.48,5577,43,5.22
19.9,7.72,5219,42,6.96
19.9,7.57,5385,51,6.03
19.9,7.53,5489,53,5.83
19.7,7.57,5301,40,6.14
19.6,7.62,5104,32,6.53
19.7,7.61,4847,36,6.62
19.7,7.53,5190,46,5.8
19.7,7.47,5129,62,5.48
19.6,7.59,4865,47,6.35
19.7,7.49,5125,62,5.46
19.8,7.39,5469,64,4.56
19.9,7.45,5451,55,5.04
19.9,7.63,3490,45,6.57
20,7.63,5190,50,6.84
20.1,7.45,6374,65,5
20,7.5,5452,53,5.61
20,7.53,5495,45,6.45
20,7.38,5566,50,5.18
20,7.44,5640,53,4.74
20,7.41,5545,61,4.84
20,7.49,5233,61,5.76
20.1,7.45,5403,62,5.41
20,7.51,5548,57,5.45
20.1,7.38,5466,55,5.39
20.1,7.55,5439,64,5.12
20.1,7.65,5506,51,6.64
20,7.63,5481,55,6.92
20,7.67,5345,47,7.34
19.8,7.83,5245,36,7.84
19.8,7.76,5052,32,7.97
19.8,7.75,5104,35,7.79
19.7,7.75,5040,39,7.8
19.8,7.72,5358,42,7.3
19.9,7.69,3908,44,7.45
19.9,7.69,5280,49,7.53
20.2,7.99,5056,43,9.45
20.4,8.13,4948,57,9.5
20.5,8.15,4942,50,9.75
21.8,8.54,4301,40,12.91
21.6,8.34,4485,52,11.51
21.4,8.49,4559,47,11.69
21.1,8.3,4646,46,10.52
21.5,8.43,4216,47,11.25
20.9,8.22,4593,42,10.13
20.9,8.26,4523,44,9.63
21,8.16,4383,45,9.57
20.8,7.95,4188,50,8.77
20.8,7.98,4377,48,8.71
20.6,7.9,4599,52,8.45
20.6,7.8,4602,47,8.48
20.6,7.88,4464,52,8.91
20.5,7.75,4574,45,8.59
20.5,7.78,4433,53,8.16
20.6,7.7,4393,49,7.95
20.7,7.9,3944,33,9.2
20.8,7.91,3777,51,9.21
20.9,7.98,3709,36,9.42
20.8,7.87,3663,56,8.83
20.8,7.82,3777,67,8.65
20.9,7.85,3764,68,8.65
20.9,7.89,3823,55,8.67
20.9,7.81,3462,60,8.37
20.9,7.86,3731,46,9.2
21.4,8.26,3202,58,12.69
21.7,8.4,3052,62,12.78
21.2,7.99,3676,46,9.98
21.2,8.01,3651,48,9.21
21.2,8.04,3539,51,9.38
21.3,8.11,3437,59,9.61
21.4,8.04,3074,60,9.34
21.1,8.05,2215,58,9.42
21.1,7.88,2817,55,9.23
21,7.72,2785,48,8.43
20.9,7.42,2608,43,6.87
20.8,7.35,2523,37,5.71
20.4,7.31,2517,45,4.96
20.2,7.3,2587,59,3.64
20.3,7.23,3148,64,2.78
20.2,7.21,3557,59,2.49
20.2,7.18,2776,45,3.78
20.4,7.24,2467,38,4.5
20.4,7.25,2492,57,4.21
20.4,7.23,2693,50,3.76
20.5,7.2,2938,38,1.94
21,7.23,2981,32,3.25
21,7.22,2968,35,3.23
21,7.24,2941,42,3.38
21.5,7.27,2892,47,4.61
21.2,7.37,2520,62,5.52
20.9,7.15,3017,46,2.52
20.9,7.29,1420,71,4.23
20.5,7.24,2993,50,3.33
20.5,7.18,2889,42,3
20.4,7.2,3024,38,3.11
20.4,7.23,3099,41,3.53
20.4,7.25,3201,44,3.65
20.4,7.26,3033,42,4
20.3,7.23,3030,43,3.71
20.3,7.22,2886,49,3.43
20.2,7.23,2783,56,3.05
20.2,7.21,2743,55,2.92
20.2,7.22,2801,50,3.24
20.5,7.16,2368,41,2.82
20,7.18,2990,50,3.07
20.1,7.22,3146,54,3.36
20,7.23,3280,53,3.76
20.1,7.24,3427,53,3.7
20.1,7.26,3437,57,4.04
20.3,7.22,3545,75,3.63
20.4,7.35,3582,102,5.05
20.5,7.57,3427,82,6.69
20.5,7.46,3502,96,6.07
20.3,7.36,3493,117,5.21
20.3,7.29,3756,86,4.23
20.2,7.29,3734,78,4.4
20.1,7.29,3493,71,4.29
20,7.31,2705,70,4.62
19.9,7.23,2746,64,4.12
19.9,7.23,2718,55,3.75
19.8,7.23,2706,61,3.72
19.9,7.32,2819,58,3.39
19.8,7.16,2758,58,4.1
19.8,7.12,2792,49,4.05
19.9,7.15,2507,36,3.12
19.9,7.13,2266,32,2.52
19.9,7.07,2212,30,2.39
19.8,7.1,2170,30,2.33
19.8,7.09,2259,30,2.22
19.8,7.11,2259,29,2.17
19.9,7.11,2269,31,2.36
20,7.18,2266,37,3.87
20.4,7.33,2278,52,5.87
20.7,7.43,1978,71,6.19
20.6,7.32,2250,54,5.94
20.5,7.32,2234,53,5.84
20.6,7.36,2225,65,6.28
20.8,7.44,2209,102,6.52
20.6,7.31,2209,87,5.69
20.5,7.26,2182,71,5.18
20.5,7.22,1783,49,5.05
20.4,7.28,2234,45,5.22
20.4,7.2,2209,58,4.85
20.2,7.15,2108,36,4.28
20.2,7.12,2071,36,3.99
20.1,7.15,1975,36,4.04
20,7.13,2093,35,3.66
20,7.1,2127,36,3.33
20,7.08,2176,35,3.24
20,7.1,2077,39,2.59
19.6,7.09,2049,45,2.74
19.6,7.07,2222,43,2.21
19.6,7.08,2845,43,2.09
19.5,7.42,3502,56,1.83
19.8,7.11,3185,30,3.07
19.6,7.15,2591,35,3.4
19.6,7.17,2477,29,3.58
19.6,7.23,2052,32,4.27
19.6,7.19,2319,54,3.86
19.4,7.2,2287,47,4.29
19.5,7.2,2313,30,3.93
19.3,7.25,1557,40,4.45
19.7,7.13,3005,24,1.66
19.2,7.17,2431,24,3.16
19,7.16,2399,29,3.1
18.8,7.18,2477,30,3.14
19.4,7.13,3008,26,2.1
19.1,7.15,2706,22,2.12
18.8,7.16,2508,28,2.55
18.6,7.15,2706,22,2.62
18.5,7.15,2715,23,2.3
18.6,7.15,2795,24,2.48
18.4,7.15,2566,21,2.64
18.2,7.17,2618,21,2.7
18.1,7.16,2402,26,2.33
17.9,7.18,2127,30,2.17
18,7.17,1910,29,2.43
,,,,
,,,,
,,,,
,,,,
,,,,
,,,,
,,,,
,,,,
,,,,
,,,,
,,,,
,,,,
,,,,
,,,,
,,,,
,,,,
,,,,
,,,,
,,,,
,,,,
,,,,
,,,,
,,,,
,,,,
,,,,
,,,,
,,,,
20.7,4.81,56,59,8.5
20.4,5.53,56,59,8.56
,,,,
,,,,
20.8,6.04,59,59,8.6
21.3,6.15,59,59,8.5
21.8,6.2,59,61,8.42
22,6.23,61,59,8.37
22.2,6.25,61,59,8.34
22.2,6.26,62,59,8.33
22.3,6.27,65,59,8.3
22.3,6.29,65,61,8.27
22.4,6.3,65,59,8.24
22.4,6.31,70,59,8.22
22.5,6.32,69,59,8.2
22.5,6.33,72,59,8.17
22.6,6.33,71,59,8.16
22.6,6.33,74,58,8.15
22.6,6.33,74,59,8.14
22.5,6.33,74,57,8.16
22.3,6.31,78,60,8.22
22.1,6.29,77,55,8.26
22.1,6.28,78,54,8.28
22.1,6.26,81,63,8.29
22.2,6.25,81,54,8.29
22.2,6.23,81,52,8.28
22.2,6.21,84,58,8.28
22.2,6.19,85,65,8.27
22.2,6.18,84,65,8.26
22.2,6.15,88,74,8.26
22.2,6.13,87,76,8.28
22.1,6.11,87,79,8.3
22,6.1,88,81,8.32
22,6.09,90,79,8.35
21.9,6.08,91,81,8.36
21.8,6.07,91,81,8.38
21.8,6.07,93,81,8.4
21.7,6.06,93,81,8.41
21.7,6.07,93,83,8.43
21.6,6.07,93,83,8.44
21.6,6.07,94,81,8.46
21.5,6.07,97,83,8.47
21.5,6.08,97,83,8.48
21.5,6.08,97,83,8.5
21.4,6.07,98,83,8.52
21.4,6.07,97,83,8.53
21.5,6.08,100,83,8.54
21.7,6.15,99,83,8.51
,,,,
21.6,6.13,102,83,8.42
19.5,7.22,37,28,2.51
19.6,6.91,468,25,1.67
19.7,7.07,741,22,4.43
19.9,7.18,726,20,4.95
19.8,7.48,715,25,4.69
19.5,7.47,725,18,5.42
19.4,7.46,737,53,4.8
19.1,7.4,741,33,4.2
,,,,
,,,,
,,,,
,,,,
,,,,
,,,,
,,,,
18.8,6.92,595,168,6.36
,,,,
18.6,7.29,632,15,3.52
18.5,7.29,663,42,3.16
18.7,7.32,667,20,3.51
19.2,7.36,666,7,4.28
19.8,7.4,667,16,4.78
20.3,7.42,669,28,5.04
20.9,7.47,674,34,5.31
20.6,7.49,776,21,5.53
20.9,7.56,797,38,6.16
21.4,7.65,792,33,6.98
20.9,7.73,780,107,7.11
20.3,7.62,767,32,6.64
19.9,7.57,777,35,6.22
19.7,7.48,779,28,5.5
,,,,
,,,,
,,,,
,,,,
,,,,
,,,,
,,,,
,,,,
,,,,
,,,,
,,,,
,,,,
,,,,
,,,,
20.2,7.58,655,73,7.2
20.1,7.5,676,54,6.4
19.8,7.39,829,32,4.82
19.8,7.33,1045,42,4.16
20,7.45,984,52,5.58
20.3,7.54,953,45,6.43
20.2,7.61,924,65,6.72
19.8,7.35,1077,142,4.28
19.8,7.44,975,46,5.45
19.7,7.46,901,37,5.48
19.7,7.5,820,45,5.59
19.6,7.46,829,51,5.38
19.7,7.47,792,77,5.46
19.7,7.49,717,74,5.51
19.6,7.5,704,84,5.28
19.6,7.43,782,76,5.12
19.7,7.45,1020,45,5.76
19.5,7.44,843,58,5.15
19.6,7.48,920,139,5.55
19.6,7.44,972,34,5.5
19.6,7.41,999,32,5.6
19.6,7.45,998,129,5.64
19.7,7.52,979,44,5.99
19.8,7.59,962,45,6.87
19.9,7.6,932,55,7.14
19.9,7.53,938,50,6.58
20,7.59,912,36,6.9
20,7.59,879,54,7.05
19.9,7.58,856,41,6.91
19.9,7.62,816,36,7.13
20.2,7.79,847,41,8.08
20.2,7.72,802,42,8.06
20.2,7.66,791,33,7.69
20.1,7.65,780,38,7.53
19.9,7.47,887,32,5.83
19.7,7.39,901,29,4.74
19.6,7.37,898,37,4.46
19.7,7.39,892,37,4.65
19.6,7.4,902,32,4.4
19.5,7.35,935,27,4.32
19.5,7.36,935,33,4.02
19.4,7.33,947,35,3.99
19.3,7.38,960,27,4.24
19.2,7.35,1002,22,4.23
19.2,7.34,1026,32,4.12
19.3,7.31,1083,29,3.61
19.3,7.39,1051,24,3.98
19.3,7.36,1092,34,4.1
19.2,7.4,1055,26,4.75
19.5,7.31,1353,29,4.63
19.3,7.49,1095,33,5.06
19.4,7.47,1071,51,5.64
19.6,7.42,1092,33,5.16
19.7,7.45,1095,28,5.69
19.6,7.43,1120,26,5.06
19.6,7.43,1088,28,5.41
19.5,7.39,1108,25,4.93
19.5,7.38,1102,23,4.86
19.3,7.44,1058,37,4.96
19.2,7.43,951,20,5.73
19.2,7.39,1030,17,5.81
19.3,7.47,975,10,6.44
19.2,7.51,966,11,6.28
19.2,7.41,984,14,6.02
19.1,7.39,978,13,5.86
19.1,7.39,987,13,5.77
19,7.42,1008,21,5.5
19,7.35,1017,19,5.4
19,7.33,1021,11,5.32
19,7.34,1036,20,5.3
19,7.42,1039,11,5.9
19.3,7.38,1042,16,6.36
19.4,7.38,1039,24,6.26
19.4,7.35,1048,23,5.71
19.5,7.35,1149,16,5.37
,,,,
19.6,7.37,1495,30,4.92
19.6,7.36,1975,38,4.83
19.7,7.48,2572,37,6.29
19.6,7.41,2858,43,5.67
19.6,7.38,3046,42,5.76
19.7,7.44,2817,32,6
19.7,7.45,3133,32,5.72
19.7,7.38,3368,35,5.31
19.7,7.38,3011,58,5.06
19.5,7.44,2380,47,5.99
19.5,7.5,2303,42,5.95
19.5,7.41,2300,41,5.88
19.6,7.38,2609,44,5.27
19.5,7.39,2695,39,5.51
19.4,7.81,2487,36,5.63
19.4,7.44,2102,35,6.01
19.2,7.46,1907,28,6.25
19.2,7.46,1888,24,6.58
19.2,7.52,1718,26,7.16
19.4,7.53,1687,29,7.84
19.4,7.46,1752,39,6.96
19.5,7.38,1938,42,5.76
19.6,7.44,2142,40,5.97
20.1,7.52,1869,41,7.54
19.8,7.44,2036,44,6.61
19.8,7.38,2362,49,5.77
19.9,7.48,2373,38,6.53
20,7.45,2337,48,6.32
20.2,7.51,2243,63,7.05
20.1,7.42,2974,50,6.15
20,7.53,2591,45,6.83
20,7.41,2953,63,5.93
19.8,7.45,2608,48,6.52
19.9,7.35,2932,60,5.57
20,7.43,2889,51,5.7
19.8,7.46,2374,32,6.6
19.8,7.43,2380,34,6.41
19.8,7.41,2623,31,6.18
19.9,7.43,2663,36,5.9
19.8,7.41,2498,26,6.45
19.6,7.4,2256,22,6.54
19.6,7.38,2166,22,6.65
19.8,7.49,2090,22,7.18
19.8,7.35,2212,49,6.18
19.8,7.34,2281,31,6.09
19.9,7.34,2194,42,6.95
20,7.42,2231,35,6.73
21.5,7.53,1937,32,10.91
21,7.32,2030,35,7.91
20.9,7.37,2074,32,8.15
20.8,7.58,2145,28,9.21
20.6,7.44,2170,26,9.05
20.6,7.41,2145,29,9.31
20.4,7.34,2199,29,8.38
20.1,7.39,2275,29,7.58
20.1,7.25,2319,26,7.29
20.1,7.24,2263,30,7.25
20.2,7.22,2259,34,7.19
20.2,7.31,2270,28,7.39
20.4,7.2,2250,33,7.24
20.4,7.19,2260,33,7.25
20.5,7.16,2240,34,7.34
20.4,7.26,2186,41,7.26
20.4,7.12,2252,33,7.08
20.5,7.13,2222,33,7.82
20.6,7.12,2093,119,7.84
20.9,7.2,2105,62,8.21
21.1,7.09,2316,81,7.85
21.3,7.09,2002,74,7.36
21.8,7.09,1596,34,8.21
21.2,7.1,1900,42,6.84
20.8,7.04,2083,41,5.27
21.4,7.07,1934,35,6.81
21.4,7.07,1893,36,7.16
21.6,7.15,1903,41,7.14
21.6,7.08,1953,48,6.94
21.5,7.11,1847,42,7.33
21,7.08,1825,67,6.01
20.9,7.11,2030,63,5.94
20.9,7.06,2062,51,5.79
20.9,7.08,1916,45,6.26
20.9,7.05,1907,43,6.32
20.9,7.11,1894,40,6.38
20.9,7.06,1863,40,6.31
20.9,7.05,1834,35,6.47
20.9,7.05,1837,32,6.69
20.9,7.09,1844,35,6.45
21,7.04,1834,28,6.18
20.9,7.02,1785,28,6.16
20.9,7.01,1785,46,5.77
21,7.03,2024,32,5.07
21,6.96,2080,32,4.95
21,6.93,2033,32,5.23
21.6,6.97,1875,33,7.76
22.5,7.11,1718,40,10.19
23.2,7.06,1587,33,11.98
23.8,7.11,1532,49,13.05
22,6.88,1687,29,8.56
21.5,6.95,1763,32,6.87
21.7,6.94,1665,28,7.39
22.4,6.99,1680,33,10.38
22.4,7,1681,37,9.88
21.9,7.01,1700,45,8.16
21.8,6.96,1703,35,7.46
22,6.98,1675,59,8.15
22.1,6.98,1621,53,8.58
22,7.01,1643,53,7.82
22.1,6.96,1659,46,7.86
22,6.94,1624,37,7.72
21.9,6.95,1637,40,7.02
21.7,6.97,1416,27,6.4
21.6,6.92,1463,33,5.28
21.7,6.91,1444,42,5.41
21.6,6.92,1343,24,6.46
22,6.97,1413,28,7.26
22.2,6.94,1420,34,8.12
23.3,7.07,1365,41,13.03
23.9,7.09,1294,47,13.32
24.4,7.23,1330,40,14.9
24.4,7.09,1346,35,14.33
24.8,7.09,1370,35,14.03
23.2,6.87,1425,25,8.66
23.4,7.04,1466,29,9.93
22.8,6.9,1567,32,8.13
22.7,6.92,1578,27,8.39
22.5,6.87,1600,28,7.48
22.4,6.9,1593,27,6.86
22.3,6.85,1581,25,6.47
22.1,6.86,1559,28,6.05
22.1,6.84,1485,24,5.89
22.2,6.88,1476,21,6.2
22.2,6.84,1334,13,6.09
22.2,6.82,1212,13,5.82
22.2,6.81,1181,14,5.78
22.3,6.84,1178,18,5.73
22.3,6.82,1181,19,5.89
22.4,6.83,1193,21,5.98
22.4,6.83,1175,21,5.94
22.2,6.86,1325,17,5.03
22.2,6.86,1337,19,5.07
22.1,6.85,1334,21,4.84
22,6.84,1398,52,3.95
22,6.88,1463,38,4.13
22,6.87,1444,39,4.15
22,6.85,1498,38,4.11
22.1,6.86,1488,52,4.57
22.2,6.93,1562,40,4.79
21.9,6.92,1519,48,5.33
22.3,6.95,1590,57,5.47
22.2,6.91,1608,57,4.53
22.1,6.98,1481,45,4.04
21.9,6.95,1438,33,4.19
21.9,6.95,1398,28,4.04
21.8,6.94,1422,26,4.06
22,7.02,1169,22,4.87
22,6.97,1111,22,4.93
21.9,6.98,1073,20,4.95
21.8,6.97,1098,32,4.41
21.6,7,1091,29,4.38
21.6,7.01,1057,33,4.71
21.6,7.01,989,36,4.35
21.6,6.98,989,41,4.31
21.8,7.03,1002,36,4.16
21.8,6.99,872,29,4.43
21.8,7,891,39,4.39
22,6.98,1297,37,3.55
21.9,7.04,965,33,5.08
22,7.04,950,40,5.22
22.1,7.05,928,45,5.67
22,7.05,921,47,5.98
21.9,7.46,937,37,5.23
21.8,7.47,944,47,5.34
21.6,7.49,916,49,5.65
21.4,7.5,879,56,5.49
21.3,7.46,928,56,4.91
21.2,7.35,995,39,4.73
21.2,7.38,1063,31,4.44
21.2,7.33,1057,28,4.15
21.1,7.36,1050,25,4.03
21,7.3,1114,26,3.82
21,7.31,1144,22,3.82
20.8,7.31,1073,21,3.88
20.7,7.34,986,17,3.95
20.6,7.3,996,22,3.86
20.6,7.3,1101,24,3.73
20.4,7.3,1114,26,3.61
20.3,7.52,1064,19,4.01
20.4,7.31,1080,24,4.17
20.4,7.31,1098,19,4.54
20.4,7.34,1095,22,4.66
20.4,7.4,1136,28,5.11
20.4,7.42,1098,31,5.63
20.4,7.33,1247,29,4.53
20.3,7.45,1142,25,5.95
20.4,7.51,1145,27,6.13
20.3,7.46,1098,32,6.14
20.2,7.43,1126,24,6.03
20.2,7.41,1111,22,5.6
20.1,7.44,1133,22,5.57
20.1,7.38,1101,20,5.27
20,7.36,1107,22,5.08
20,7.33,1126,22,5.01
19.9,7.37,1145,22,4.83
19.9,7.32,1142,22,4.76
19.6,7.32,1014,31,4.32
19.7,7.3,1048,34,4.24
19.7,7.32,1051,29,4.19
19.7,7.3,1086,31,4.16
19.6,7.28,1044,30,3.87
19.6,7.27,1092,32,3.93
19.6,7.3,1054,32,4.04
19.4,7.27,1026,32,3.91
19.5,7.27,1008,41,3.84
19.5,7.28,980,35,4.05
19.6,7.33,995,41,4.41
19.8,7.27,1011,52,4.3
19.8,7.36,1083,46,4.11
20.4,7.39,986,37,6.12
20.6,7.44,1051,42,5.9
20.7,7.4,1019,37,6.33
20.7,7.43,1016,40,6.49
20.6,7.39,999,66,6.13
20.4,7.37,1005,61,5.48
20.1,7.3,1438,106,4.9
20,7.28,1559,74,4.38
19.9,7.31,890,35,4.62
19.9,7.31,851,29,4.49
19.8,7.24,795,26,4.13
19.7,7.23,710,23,4.1
19.7,7.23,836,35,3.94
19.6,7.25,783,28,3.99
19.6,7.23,843,22,3.99
19.6,7.22,883,22,3.95
19.7,7.21,873,20,3.91
19.8,7.25,847,22,4.34
19.8,7.21,854,26,3.91
19.8,7.22,856,34,4.4
20,7.21,851,44,4.03
20,7.21,983,76,3.07
20.4,7.22,959,36,4.56
20.4,7.21,968,51,4.34
20.4,7.21,937,41,4.4
20.3,7.28,885,35,4.51
20.4,7.21,882,36,4.85
20.5,7.21,889,45,5.14
20.5,7.22,891,44,5.31
20.4,7.35,840,34,5.5
20.4,7.24,857,33,5.44
20.4,7.22,832,29,5.35
20.3,7.18,932,39,4.65
20.2,7.28,885,33,5.06
20.2,7.19,883,40,4.72
20.4,7.16,876,20,5.37
20.4,7.19,894,22,5.19
20.3,7.21,879,35,4.87
20.3,7.16,941,38,4.45
20.3,7.12,946,36,4.34
20.1,7.12,894,35,4.51
20.2,7.16,922,33,4.67
20.4,7.19,919,44,5.2
20.5,7.14,925,46,4.38
20.5,7.17,930,33,4.56
20.7,7.23,959,32,5.46
20.7,7.16,928,31,5.23
21,7.2,922,38,5.81
21.4,7.26,904,41,7.38
21.4,7.24,910,38,6.6
21.5,7.23,922,40,7.02
21.1,7.16,934,35,6.27
20.7,7.13,938,35,4.92
20.6,7.12,936,29,4.4
20.6,7.08,931,32,4.48
20.7,7.05,947,32,4.52
20.7,7.03,934,32,4.4
20.7,7.03,962,22,4.77
20.8,7,926,25,5.18
20.9,6.99,928,36,5.08
20.8,6.99,925,26,4.87
20.7,6.99,935,31,4.38
20.7,6.99,927,41,3.99
20.7,6.98,941,40,3.77
20.8,6.98,937,48,3.6
20.9,7,971,48,3.72
21.2,6.99,939,53,4.03
21.3,7,965,47,4.22
21.4,7.02,944,28,5.24
21.9,7.1,901,30,6.8
24,7.16,885,31,12.08
23.5,7.03,907,32,9.85
23.1,7.06,907,32,8.72
23,7.15,931,32,8.51
21.9,7.05,986,34,5.79
21.8,7.08,984,35,5.96
21.4,7.07,1035,32,5.23
21.3,7.13,1041,33,5.2
21.3,7.09,1032,29,4.81
21.2,7.08,981,21,4.78
21.2,7.08,932,15,4.89
21.2,7.1,940,17,4.77
21.2,7.08,931,19,4.5
21.4,7.06,950,38,4.56
21.4,7.05,943,31,4.36
21.4,7.08,894,17,4.67
21.3,7.08,895,20,4.85
21.5,7.07,896,29,4.82
21.7,7.06,906,28,5.12
21.6,7.05,910,32,4.05
21.8,7.06,916,36,4.29
22.8,7.14,888,41,7.77
23.2,7.1,885,39,8.21
23.8,7.19,885,41,9.49
23.4,7.12,876,36,7.83
26,7.3,832,40,14.54
25.6,7.15,829,33,12.68
24.9,7.26,842,36,11.16
24.3,7.18,841,36,9.65
24.1,7.26,859,57,9.66
23.6,7.2,850,35,8.46
23.1,7.18,875,31,7.26
23,7.12,950,24,7.43
22.7,7.06,925,33,5.97
22.8,7.05,952,31,6.36
23,7.05,928,27,6.35
23,7.02,863,26,6.17
23.2,7.02,853,21,6.84
23.3,7.02,824,21,6.64
22.8,6.98,959,23,4.74
22.3,6.95,970,24,3.8
22.5,6.96,940,30,3.91
22.5,6.94,924,34,4.09
22.4,6.94,988,50,2.98
22.4,6.93,973,48,2.72
22.4,6.93,991,38,2.46
22.5,6.94,992,37,2.25
22.8,6.95,970,56,2.14
23,6.96,980,46,2.58
22.9,6.96,977,49,1.69
23,6.98,988,47,2.01
23.5,7,979,41,3.02
23,6.98,1053,64,1.31
22.6,7.02,1123,50,1.94
22.6,7.03,1156,44,2.39
22.7,7.05,1129,44,2.4
22.4,7,1265,44,1.5
22.5,7.03,1317,43,1.73
22.3,7.04,1376,33,1.69
22.5,7.07,1271,34,1.99
22.4,7.05,1308,33,1.66
22.3,7.06,1236,42,1.81
22.4,7.06,1211,29,2.43
22.6,7.08,1119,29,2.27
22.5,7.07,1103,70,2.26
22.6,7.08,1220,85,1.87
22.6,7.08,1217,54,2.19
23,7.07,1187,38,2.32
23,7.06,1243,45,2.63
23,7.04,1147,57,2.15
23,7.04,1088,64,1.76
23.4,7.04,1082,49,2.98
23.4,7.04,1050,62,2.04
23.4,7.06,1009,60,2.43
23.5,7.05,1004,68,2.86
23.5,7.05,991,65,2.51
23.4,7.05,1010,87,2.33
23.1,7.05,1041,65,2.47
23.1,7.06,1050,49,2.78
23.1,7.07,1072,42,2.57
23,7.05,1087,45,2.72
22.8,7.06,1075,38,2.33
22.7,7.08,1081,39,2.2
22.7,7.08,1146,50,2.16
22.6,7.06,1099,33,2.52
22.5,7.06,1043,33,2.51
22.4,7.03,1050,36,2.09
22.4,7.04,1115,39,1.96
22.1,7.04,1059,42,1.72
22.2,7.03,1168,46,1.72
22.2,7.02,1236,35,1.56
22.1,7.02,1214,36,1.58
22.1,7.02,1242,56,1.49
22.1,7.02,1317,57,1.4
22.1,7.03,1298,37,1.93
22.3,7.03,1271,44,1.83
22.2,7.03,1283,46,2.19
22.2,7.02,1564,34,0.99
22.2,7.03,1437,44,1.85
22.2,7.05,1449,51,1.62
22.2,7.01,1720,78,0.75
22.2,7.01,1748,45,0.81
21.8,7.04,1459,48,1.7
21.8,7.06,1500,39,1.56
21.6,7.03,1447,31,1.92
21.6,7.03,1469,29,1.53
21.4,7.03,1440,28,1.53
21.4,7.04,1481,32,1.5
21.3,7.01,1487,36,1.35
21.6,7,1735,41,0.84
21.3,7,1484,39,0.79
21.2,7.03,1286,33,1
21.4,7,1515,34,0.64
21.4,6.98,1661,36,0.58
21.4,6.98,1648,33,0.61
21.2,7.01,1484,34,0.7
21.3,7,1550,37,0.61
21.3,7.01,1544,35,0.63
21.4,6.99,1565,38,0.63
21.6,7,1568,30,0.67
21.7,6.99,1559,35,0.86
22,7,1519,51,1.48
22.2,6.99,1528,48,1.49
22.2,7,1497,47,1.51
22.4,6.99,1503,57,1.66
22.2,6.98,1488,71,1.54
22.1,6.99,1463,54,1.27
21.9,6.99,1484,49,1.11
21.9,6.96,1699,64,0.44
21.8,6.98,1497,57,0.87
21.8,6.95,1748,47,0.55
21.7,6.98,1422,64,0.77
21.8,6.98,1165,49,0.87
21.7,6.96,1094,39,0.84
21.6,6.94,1106,48,0.73
21.5,6.95,939,46,0.72
21.4,6.93,906,49,0.61
21.2,6.95,858,56,0.52
21.4,6.95,778,64,0.86
21.6,6.93,728,44,1.09
21.8,6.92,738,55,0.78
21.6,6.91,859,45,0.63
21.6,6.92,874,52,0.74
22.2,7.42,832,75,5.37
22.4,7.43,820,60,5.38
22.4,7.43,819,54,5.31
22.2,7.45,815,58,5.72
22.1,7.38,832,97,4.01
22.1,7.47,832,59,5.04
22,7.4,823,61,5.28
21.8,7.42,825,57,5.05
21.7,7.43,813,60,4.63
21.6,7.41,810,59,4.52
21.5,7.39,816,60,4.45
21.3,7.39,838,54,4.39
21.3,7.39,869,59,3.99
21.3,7.38,918,48,4.26
21.3,7.35,919,58,4.09
21.3,7.39,894,42,4.65
21.4,7.41,901,36,4.9
21.4,7.37,904,33,4.6
21.3,7.35,869,35,4.42
21.3,7.34,874,46,4.23
21.4,7.45,885,51,4.42
21.6,7.34,929,57,4.45
21.8,7.3,984,48,4.15
21.9,7.29,980,66,3.99
22.3,7.38,1010,58,4.48
22.6,7.38,1029,46,5.37
22.5,7.35,974,70,5.38
22.7,7.4,964,60,5.86
22.6,7.48,971,63,5.85
22.5,7.38,931,65,5.88
22.4,7.44,943,68,6.14
22.2,7.39,925,63,5.99
22.2,7.45,919,69,5.6
22.2,7.35,995,76,5.21
22,7.34,980,63,5.12
22,7.36,1008,48,5.55
21.9,7.42,1019,47,5.39
21.9,7.32,1026,48,5.08
21.8,7.34,1032,47,4.93
21.8,7.34,1048,43,4.91
21.8,7.37,1057,45,4.72
21.6,7.31,1041,49,4.55
21.6,7.31,1029,53,4.56
21.7,7.33,1023,40,4.85
22,7.44,1032,47,5.73
22.6,7.41,1029,44,7.16
23.3,7.5,1004,64,8.61
24.3,7.42,956,61,10.34
24.9,7.88,912,62,11.27
25.8,7.7,903,59,12.79
25.8,7.78,897,74,13.57
25.8,7.76,891,59,13.6
25.5,8.08,879,48,14.38
24.8,7.64,922,51,12.3
23.8,7.44,989,39,9.57
23,7.25,1041,63,7.25
22.9,7.36,1029,29,7.89
23.2,7.24,946,29,8.7
23.1,7.19,965,34,8.12
23,7.17,962,32,7.84
22.9,7.24,962,35,7.45
22.6,7.12,1054,44,5.84
22.6,7.09,1019,31,6.42
22.5,7.08,1026,31,6.2
22.5,7.07,977,44,5.99
22.4,7.04,980,53,5.41
22.4,7.01,971,59,5.47
22.5,6.98,1017,55,4.99
22.6,6.96,1008,41,6.08
22.8,6.97,998,48,7.72
23,6.97,995,56,8.25
23.3,6.96,1010,52,8.39
23.4,6.94,992,63,7.72
23.8,6.93,989,59,9.69
24.1,6.93,1001,68,9.82
23.9,6.92,1017,73,8
23.5,6.91,1132,63,6.48
23.5,6.88,1169,79,6.27
23.5,6.87,1166,97,6.02
23.5,6.89,1169,72,6.37
23.4,6.91,1218,81,5.4
23.3,6.88,1382,72,4.45
23.3,6.88,1410,75,4.12
23.3,6.89,1422,70,4.4
23.2,6.93,1485,56,4.17
23.2,6.94,1440,57,4.12
23.1,6.97,1321,66,4.16
23,7,1324,38,5.11
23.1,7.05,1308,32,5.36
23.2,7.04,1281,32,5.37
23.2,7.06,1228,40,5.46
23.3,7.08,1209,42,5.67
23.6,7.14,1215,40,7.1
24.1,7.18,1202,48,10.16
24.6,7.19,1163,71,11.61
24.9,7.22,1172,83,12
26.1,8.76,1149,78,14.41
26.7,8.9,1079,81,14.42
27.1,8.91,1022,74,15
27.3,9,1035,70,14.95
27.9,9.1,1060,102,15
27.4,9.05,1047,87,14.53
27,9.01,1047,71,14.34
26.5,8.85,1069,61,13.18
26.3,8.78,1091,63,12.7
26.1,8.63,1123,68,11.49
25.9,8.53,1163,70,10.87
25.5,8.47,1205,47,10.62
25.6,8.49,1176,49,10.85
25.5,8.34,1203,61,9.79
25.5,8.33,1163,51,10
25.4,8.37,1154,53,9.48
25.4,8.34,1154,52,9.55
25.3,8.38,1138,42,9.58
25.3,8.36,1116,38,10
25.3,8.38,1107,48,9.61
25.5,8.51,1094,48,10.84
25.6,8.54,1092,59,10.78
25.7,8.49,1101,62,10.5
25.7,8.28,1138,67,9.05
26.5,8.66,1094,74,11.61
27.9,8.85,1082,89,15
29.2,9.14,1016,72,15
29.5,9.24,1082,70,15
29.5,9.3,1056,76,15
27.6,8.86,1165,63,12.36
26.7,8.69,1278,61,11.4
26.6,8.64,1294,62,10.84
26.2,8.52,1309,54,9.99
25.8,8.42,1355,49,9.23
25.7,8.29,1438,49,8.49
25.6,8.23,1488,42,8.39
25.6,8.17,1526,47,7.84
25.6,8.14,1507,45,7.71
25.4,7.97,1501,37,7.02
25.3,7.87,1463,36,6.64
25.3,7.78,1439,34,6.37
25.2,7.72,1453,36,6.01
25.1,7.63,1470,41,5.71
25.2,7.62,1460,36,5.97
25.5,7.9,1485,,
26,8.39,1466,48,10.04
26.4,8.55,1406,54,11.43
26.9,8.65,1398,57,12.07
27.2,8.69,1364,60,12.09
27.2,8.68,1419,66,11.92
27.2,8.55,1562,79,11.08
27.1,8.39,1673,64,10.48
27,8.24,1764,67,9.35
26.8,8.24,1904,62,9.16
26.5,7.97,2003,66,7.96
26.2,7.66,1972,50,6.59
26.1,7.65,1908,40,6.26
26,7.57,1869,40,5.81
26,7.64,1835,38,6.46
25.9,7.49,1857,36,5.92
25.9,7.42,1851,40,5.71
25.8,7.43,1670,35,5.79
26,7.53,1587,41,5.86
26,7.46,1584,42,5.69
26,7.54,1578,43,5.73
26,7.42,1540,41,5.74
26,7.46,1536,44,5.5
26,7.3,1650,54,5.58
26.3,7.48,1509,49,7
26.7,7.79,1482,59,8.64
27.4,7.96,1482,60,10.6
28.2,8.28,1474,61,12.35
28.8,8.58,1450,81,12.78
29,8.39,1425,91,12.69
30,8.44,1367,82,15
29.9,8.42,1361,78,14.68
29.5,8.61,1419,67,14.64
29.4,8.47,1401,71,14.48
28.5,7.81,1485,78,11.62
28.2,7.64,1523,80,10.98
28,7.95,1544,82,9.65
27.7,7.38,1578,63,9.44
27.6,7.31,1567,63,8.58
27.4,7.28,1572,54,7.68
27.4,7.48,1609,56,7.33
27,7.13,1780,84,5.28
26.6,7.09,1747,62,4.84
26.4,7.09,1752,51,5.06
26.4,7.06,1888,44,3.61
26.2,7.04,1860,51,3.45
26,7,1876,58,2.79
26.2,7,1888,48,3.1
26.2,7.07,2154,63,2.64
26.1,7.01,2216,54,2.8
26.2,6.99,2335,55,2.92
26.3,7.03,2158,68,4.45
26.4,7.17,2081,57,5.27
26.4,7.1,2130,105,4.36
26.4,7.07,2108,91,3.99
26.3,7.02,2053,97,3.34
26.4,7.16,2075,71,5.04
26.4,7.12,2065,89,5.48
26.2,7.08,2046,78,4.63
26,6.97,2551,66,1.97
26,7,2170,76,3.58
25.8,7.02,2121,74,3.19
25.9,6.96,2316,78,2.08
25.8,6.94,2285,54,3.01
25.6,6.94,2176,58,2.45
25.5,6.97,2185,57,2.14
25.2,6.95,2170,53,2.01
25.3,6.92,2316,52,2.59
25.3,6.95,2371,54,2.82
25.4,6.92,2459,49,1.49
25.2,6.92,2446,46,2.07
25.1,6.92,2471,53,1.27
25,6.93,2449,50,2.99
25,6.94,2518,50,3.4
25.1,7,2521,47,2.25
25.2,6.97,2573,53,3.63
25.3,7.02,2572,64,4.71
25.2,7.11,2799,45,2.36
25.3,7.16,2756,57,1.87
25.3,7.19,2795,77,2.3
25.2,7.46,2929,45,1.69
25,7.17,2834,58,2.02
24.7,7.28,2728,52,3.52
24.6,7.24,2743,46,3.29
24.2,7.34,2655,69,2.74
24.1,7.18,2473,75,2.7
24,7.1,2291,59,1.99
23.8,7.05,2336,61,1.59
24.2,7.48,1218,42,1.22
24.1,6.99,1193,38,1.34
23.9,7,1272,38,1.4
24,6.99,1324,35,1.35
24,7.4,1318,35,1.25
23.8,6.99,1166,31,1.32
23.9,6.99,1132,30,1.52
23.8,6.99,1113,31,1.41
23.7,7.52,1054,31,1.71
23.6,7.03,1073,38,2.28
23.9,7.05,1088,40,2.87
24,7.09,1157,51,3.53
24.1,7.63,1135,76,4.31
24.1,7.01,1169,66,2.23
24.1,7.06,1157,71,3.11
24.1,6.96,1212,54,1.51
24.2,7.49,1220,53,2.66
24.1,7.07,1196,92,3.48
23.8,7.16,1111,148,5.1
23.6,7,1132,55,2.66
23.5,7.12,1132,52,2.36
23.3,6.99,1098,76,2.45
23.3,6.98,1138,61,1.93
23.2,7,1085,55,1.33
23,7.46,989,62,1.35
23,7.02,965,59,1.24
23,7.03,879,48,1.28
23.2,7.07,696,38,1.15
23.2,7.45,699,36,1.19
23.1,7.07,725,35,1.23
23,7.05,752,44,1.19
23,7.05,746,37,1.34
23.3,7.5,801,35,1.89
23.4,7.08,798,41,2.62
23.6,7.1,819,41,2.88
23.6,7.06,810,36,1.65
24,7.47,841,41,2.72
24,7.08,842,48,3.03
24.4,7.09,853,50,4.11
23.8,7.06,882,52,1.2
24.2,7.32,876,54,3.27
24.2,7.11,850,54,3.15
24,7.08,863,58,2.02
23.8,7.07,879,73,1.67
23.7,7.3,925,57,1.15
23.6,7.06,881,50,1.51
23.7,7.05,853,58,1.42
23.7,7.05,888,57,0.92
23.4,7.22,1151,28,0.9
23.3,7.04,1287,23,0.96
23,7.03,1129,23,1.24
23,7.04,1066,25,1.12
23.1,7.26,992,25,1.23
23.1,6.99,977,27,1.1
23.1,7.03,1035,28,0.98
23.1,7.03,1098,25,0.8
23.2,7.14,1221,23,0.83
23.3,7.04,1181,28,0.85
23.2,7.06,1079,41,1.29
23.3,7.03,1104,31,0.84
23.5,7.09,1082,31,1.57
23.6,7.03,1101,40,1.16
23.6,7.06,1044,46,1.28
23.6,7.05,1001,45,1
23.6,7.35,995,46,0.98
23.5,7.06,992,58,1.13
23.5,7.07,989,68,2.33
23.5,7.05,1069,47,1.53
23.4,7.11,1151,41,1.8
23.2,7.06,1166,46,1.69
23.1,7.05,1066,50,1.89
23,7,1038,47,1.82
23.1,7.21,998,50,1.61
23.2,6.99,953,48,1.45
23.1,6.99,931,63,1.57
22.8,7,906,55,1.41
22.7,7.21,800,70,2.32
22.8,7.01,642,54,2.63
23,7.03,578,40,2.29
23,6.99,752,69,2.16
22.9,7.23,807,53,2.09
22.8,7,669,53,2.19
22.7,7,646,52,2.64
22.8,7,711,41,3
22.7,7.08,745,45,3.13
22.5,7.03,746,54,3.16
22.5,7.31,762,64,4.87
22.7,7.29,640,49,4.3
22.6,7.49,557,131,4.01
22.6,7.24,530,68,3.94
22.5,7.21,513,53,4.13
22.5,7.18,502,46,3.23
22.7,7.5,495,31,2.49
22.8,7.11,483,25,2.66
22.6,7.1,483,27,2.39
22.4,7.02,489,32,2.22
22.2,7.5,480,36,2.3
22.2,7.01,470,32,2.22
22.1,7.05,496,31,1.76
21.8,7.03,563,31,1.75
21.7,7.51,589,31,2.06
21.6,7,528,30,2.06
21.6,6.98,505,32,1.67
21.8,6.97,440,32,1.69
22,7.48,424,35,1.85
22.2,6.99,468,41,1.75
22.5,6.98,458,37,2.09
22.4,6.99,464,42,1.97
23.7,7.2,489,48,3.33
22.9,7.01,482,42,2.18
22.6,6.98,485,42,1.76
23.2,7.02,480,50,2.82
23.9,7.55,436,70,3.94
23.9,7.1,486,88,3.8
23.5,7,461,72,3.29
23.2,7.02,452,54,3.18
23,7.49,445,45,3.07
23,6.94,442,41,2.82
22.9,6.99,435,33,2.93
22.8,6.98,428,29,3.1
22.7,7.45,425,27,2.82
22.8,6.98,426,31,2.69
22.7,6.98,426,23,2.87
22.8,6.99,424,25,2.28
22.7,7.44,424,26,2.57
22.6,6.96,423,25,2.23
22.5,6.97,426,27,2.07
22.6,6.98,423,27,3.04
22.9,7.43,421,23,2.72
23,7,426,29,3.21
23.1,6.93,426,25,3.24
23.1,7.02,426,28,3.03
23,7.49,426,30,3.1
23.3,7.05,417,28,3.66
23.3,7.07,417,35,3.9
23.4,7.12,430,43,3.98
24.3,7.64,433,65,5.69
24.3,7.25,492,73,5.35
24.3,7.19,555,97,4.7
24,7.15,504,64,4.09
24,7.48,477,59,3.89
23.9,7.12,457,49,4
23.8,7.11,428,39,3.89
23.4,7.06,391,40,3.61
23.3,7.5,392,25,3.28
23.4,7.04,395,36,3.33
23.2,7.03,396,39,3.4
23.3,7.03,400,128,3.17
23.3,7.35,386,52,2.87
23.1,7.01,439,65,3.08
23.1,6.99,596,57,2.45
23.1,7,603,51,2.57
23.1,7.4,520,40,2.09
22.9,7.01,498,81,3.64
23,6.97,423,30,2.95
23.1,6.96,417,23,3.21
23.2,7.37,411,21,3.44
23.3,6.96,413,32,3.29
23.3,6.97,411,29,3.32
23.3,7.04,420,64,4.31
23.3,7.29,422,77,3.89
23,7.01,365,121,3.51
23,6.97,421,138,3.64
22.9,6.95,420,130,3.16
22.8,7.15,449,110,2.73
22.8,6.93,392,75,2.3
22.8,6.92,389,55,2.49
22.8,6.9,383,52,2
22.8,7.07,377,44,1.77
22.8,6.85,363,22,1.7
22.9,6.87,368,27,1.82
22.9,6.85,371,28,1.73
22.9,6.86,374,22,1.5
22.8,6.84,374,24,1.64
22.8,6.84,395,27,2.17
22.9,6.84,451,35,2
23,7.16,433,47,1.84
23,6.87,394,27,1.5
23.2,6.86,377,19,1.38
23.2,6.84,374,28,1.3
23.2,7.04,328,11,1.62
23.3,6.82,362,44,1.55
23.3,6.83,365,22,1.62
23.3,6.82,365,13,1.42
23.5,7.1,374,23,1.57
23.6,6.85,392,28,1.83
23.5,6.86,516,45,2.42
23.5,6.88,624,43,1.66
23.4,7.13,562,44,1.69
23.5,6.93,501,29,1.49
23.4,6.89,417,22,1.59
23.4,6.86,392,6,1.83
23.4,7.08,371,6,1.97
23.4,6.82,343,15,1.45
23.4,6.82,344,7,1.3
23.3,6.82,344,4,1.57
23.4,7,359,4,1.25
23.4,6.83,377,9,2.3
23.3,6.83,368,9,1.68
23.3,6.82,371,7,1.94
23.4,7.04,463,11,2.04
23.4,6.85,476,26,1.33
23.6,6.85,438,9,1.58
23.6,6.84,420,11,2.49
23.8,6.98,410,21,1.36
23.7,6.8,380,15,1.14
23.6,6.81,389,13,1.32
23.6,6.8,389,15,1.26
23.7,6.98,389,19,1.11
24.1,6.84,398,50,2.79
24.5,6.83,572,59,2.86
24.6,6.84,885,37,2.36
24.6,7.03,903,46,1.18
24.6,6.9,755,49,1.27
24.5,6.92,569,35,2.19
24.3,6.87,415,33,1.22
24.4,6.93,490,19,1.22
23.9,6.78,377,19,2.43
23.8,6.76,433,15,1.53
23.8,6.76,445,16,1.59
23.8,6.81,600,19,1.42
23.8,6.75,554,6,1.93
23.7,6.75,483,8,1.52
23.8,6.74,458,17,1.72
23.9,6.78,448,7,1.39
23.9,6.74,482,13,2.31
24.4,6.76,454,26,2.64
24.4,6.76,454,19,2.52
24.9,7.68,511,35,2.78
26.6,7.01,417,44,4.53
26.3,7.03,476,29,4.74
25.6,6.74,535,36,4.55
25.8,7.45,526,47,4.6
26,6.98,504,70,4.92
26.6,7.07,473,143,4.93
25.9,6.93,757,109,2.88
25.7,7.41,962,80,2.18
25.6,6.95,837,93,2.21
25.4,6.94,702,69,1.93
25.2,6.92,470,46,1.86
25.1,7.39,420,35,1.9
25,6.91,417,37,1.83
24.8,6.9,417,32,1.85
24.8,6.89,405,31,1.81
24.8,7.31,405,18,1.7
24.6,6.88,405,25,1.64
24.6,6.88,392,20,1.72
24.7,6.89,392,20,1.81
25,7.33,392,26,2.03
25.3,6.84,393,47,2.47
25.6,6.85,411,34,2.31
25.8,6.86,405,34,3.25
27.7,7.26,400,44,4.41
28.7,6.89,417,44,5.66
28,6.87,419,50,4.95
28.2,6.82,407,54,4.87
26.8,7.21,426,41,5.24
26.7,6.9,439,50,5.54
26.2,6.85,450,48,4.73
25.6,6.81,485,47,3.76
25.5,7.08,514,31,3.42
25.4,6.82,529,37,3.17
25.3,6.76,541,24,2.96
25.9,6.72,495,45,3.63
26.4,7.06,471,87,3.41
26.4,6.82,470,45,4.63
26.4,6.82,470,45,5.08
26.6,6.82,467,38,5.06
26.8,7.04,470,44,4.65
26.7,6.84,470,61,4.63
26.6,6.84,476,42,4.64
26.7,6.82,473,29,4.96
27,7.01,479,41,5.07
27.3,6.89,479,35,6.96
27.8,6.92,470,35,8.35
28,6.88,463,38,7.5
29.4,7.09,467,37,10.27
29.6,7.09,460,27,11.07
29.5,7.18,450,31,11.44
29.3,7.18,450,32,10.54
27.8,7.08,476,47,7.34
28,6.99,479,40,8.58
27.4,6.89,491,43,6.99
26.9,6.85,507,41,5.62
26.6,6.88,529,29,5.23
26.5,6.82,523,14,5.6
26.5,6.84,516,18,5.79
26.4,6.87,516,27,5.31
27,6.92,504,54,5.87
27.1,6.83,507,67,5.5
27.3,6.85,495,28,6.52
27.5,6.87,488,29,6.55
27.5,6.87,495,36,12.28
27.5,6.83,498,33,5.71
27.4,6.79,501,27,5.57
27.6,6.83,501,38,5.69
27.8,6.86,511,43,5.99
28.2,6.82,501,48,7.5
28.5,6.85,553,62,7.46
28.8,6.86,547,65,7.89
29,6.87,553,67,8.05
29.3,6.87,556,69,8.78
29.3,6.84,538,69,8.38
30,6.87,599,66,10.18
29.7,8.14,563,51,11.92
30.2,8.61,555,74,12.6
30,8.42,569,70,11.54
29.7,8.18,571,61,10.73
29.3,7.99,560,49,9.77
29.1,7.75,565,44,8.97
28.8,7.55,550,37,8.27
28.7,7.41,568,39,7.77
28.7,7.64,554,37,6.88
28.7,7.27,559,39,6.37
28.6,7.16,574,45,4.78
28.5,7.1,565,42,4.53
28.4,7.48,550,33,5.38
28.4,7.1,550,30,5.42
28.2,7.06,550,35,5.1
28.1,7.04,553,37,5.01
28.2,7.43,575,39,5.86
28.3,7.01,581,47,4.7
28.4,6.97,581,55,4
28.4,6.95,614,44,4.21
28.5,7.26,596,44,5.43
28.5,7.07,602,39,6.24
28.4,6.99,602,48,5.11
28.3,6.97,589,71,4.37
28.3,7.21,596,60,5.34
28.1,6.98,589,71,5.22
28,6.97,592,74,5.38
28,7.01,584,54,5.83
28,7.13,599,50,5.56
27.6,6.94,673,67,4.24
27.3,6.91,806,68,3.7
27.2,6.91,772,68,3.45
27,7.03,670,67,3.58
26.9,6.92,614,67,3.52
27.1,6.95,450,33,4.34
27.1,6.93,444,32,4.06
27.1,7.01,438,31,4.05
27,6.91,439,30,3.76
26.9,6.91,435,31,3.77
26.9,6.91,429,29,3.74
26.9,6.97,441,35,3.97
26.9,6.92,438,47,4.04
26.9,6.93,416,64,4.36
26.8,6.92,470,84,4.28
27,6.95,557,89,4.05
26.9,6.92,566,55,4.26
26.8,6.98,569,66,5.45
26.9,6.93,566,72,5.29
26.9,6.94,575,77,4.71
26.8,6.94,613,90,4.69
26.5,6.92,699,47,4.51
26.4,6.93,735,54,4.13
26.3,6.91,745,48,4.2
26.2,6.92,764,43,4.15
26,6.91,794,43,3.99
25.9,6.91,891,45,3.74
25.9,6.88,943,29,4.07
25.8,6.9,1041,31,3.88
25.8,6.9,946,28,3.99
25.7,6.9,959,35,3.77
25.6,6.86,970,36,3.51
25.5,6.91,831,25,4.16
25.5,6.89,831,24,4.04
25.4,6.89,844,35,3.86
25.6,6.86,863,39,4.04
25.8,6.89,902,50,3.69
26.1,6.88,863,59,4.39
26.2,6.87,804,54,4.68
26.2,6.82,888,56,4
26.6,6.86,846,55,5.26
27.6,6.84,843,69,5.94
27.6,6.83,828,78,5.58
27.3,6.79,819,79,5.32
27,6.84,872,73,5.14
26.8,6.83,890,58,5.66
26.7,6.83,894,73,5.22
26.6,6.78,866,67,4.94
26.4,6.83,894,62,4.41
26.5,6.79,1321,68,3.61
26.3,6.83,1126,45,4.09
26.3,6.77,995,48,3.88
26.2,6.81,1029,46,3.73
26.2,6.81,1082,29,4.3
26.1,6.81,1063,36,3.63
26.2,6.76,1091,29,4.33
26.1,6.8,1116,27,4.24
26.2,6.8,1107,27,4.21
26.2,6.79,1079,29,4.35
26.5,6.73,1050,33,5.04
26.6,6.77,1041,55,5.19
26.9,6.76,1044,65,5.03
27.5,6.74,1025,59,5.47
28.4,6.68,989,58,7.02
28,6.71,992,67,6.03
27.7,6.75,1026,78,5.04
28.6,6.75,1019,74,7.03
29,6.69,1029,68,8.7
28.6,6.73,1017,57,8.47
28,6.75,1036,61,7.68
27.7,6.76,1079,77,6.93
27.3,6.7,1194,67,5.39
26.9,6.74,1228,37,6.47
26.8,6.72,1401,60,4.89
26.6,6.73,1300,51,4.93
26.5,6.7,1296,35,4.94
26.3,6.73,1293,36,4.6
26.3,6.72,1303,34,4.77
26.2,6.73,1249,26,4.26
26.2,6.69,1206,22,4.53
26.1,6.72,1199,20,3.97
26.1,6.72,1163,20,4.15
26.1,6.72,906,20,3.68
26.5,6.69,879,26,4.3
27,6.71,879,19,5.55
27.5,6.69,871,28,6.78
27.5,6.69,925,40,7.15
27.9,6.68,996,44,7.59
28.1,6.72,1023,55,8.65
28,6.72,1015,43,8.84
27.7,6.74,1014,46,8.12
27.4,6.72,1026,68,7.66
27.2,6.75,1069,80,6.6
27.2,6.75,1057,67,6.95
27.2,6.74,1010,65,7.18
27.4,6.74,998,84,6.69
27.4,6.75,879,58,6.6
27.5,6.76,897,51,5.57
27.6,6.78,869,45,5.25
27.8,6.76,875,46,5.05
27.7,6.78,891,35,5.02
27.4,6.8,887,49,3.72
27.1,6.8,910,57,3.12
26.9,6.77,1013,74,2.41
26.7,6.8,1069,76,1.99
26.6,6.8,1212,82,2.96
26.5,6.81,1249,83,2.19
26.8,6.82,887,86,2.64
27,6.81,875,90,3.46
27.5,6.8,925,129,3.74
27.7,6.8,968,173,3.54
27.7,6.78,955,149,3.1
27.4,6.79,925,94,3.08
27,7.24,959,98,4.64
27.2,7.28,971,116,4.08
26.9,7.56,959,113,3.97
26.7,7.37,968,91,4.31
26.6,7.37,1001,74,4.36
26.4,7.38,1016,64,4.35
26.3,7.51,1044,64,4.25
26.2,7.36,1082,57,4.2
26.2,7.33,1191,51,4.03
26.2,7.31,1223,60,3.68
26.1,7.45,1158,43,3.88
26.1,7.3,1173,35,3.67
26,7.3,1207,34,3.59
25.9,7.29,1213,34,3.46
25.9,7.56,1247,31,3.47
25.8,7.27,1250,32,3.36
25.7,7.24,1263,40,3.21
25.6,7.22,1280,40,3.21
25.4,7.63,1325,48,3.14
25.4,7.25,1420,35,3.46
25.6,7.27,1462,45,3.77
25.8,7.22,1663,64,3.36
25.9,7.28,1651,71,3.16
26.1,7.18,1943,57,2.85
26.3,7.16,2080,59,2.77
26.3,7.23,1910,74,3.76
26.3,7.63,2445,56,2.29
25.8,7.34,1822,45,4.48
25.5,7.27,1569,47,4.06
25.7,7.17,2018,69,2.84
25.4,7.54,2065,69,2.71
25.8,7.11,2773,51,2.04
25.2,7.17,2423,49,2.46
24.9,7.18,2377,44,2.78
24.3,7.21,1764,67,3.06
24.3,7.22,1772,69,3.1
24.2,7.22,1567,61,3.39
24.5,7.2,1591,51,3.63
24.5,7.2,1619,57,3.47
24.3,7.14,1632,57,3.38
24.2,7.11,1635,52,3.32
24.1,7.13,1688,47,3.63
24.4,7.29,1761,44,4.12
24.5,7.1,1806,68,3.25
24.8,7.08,1932,53,3.58
24.9,7.09,1932,54,4.01
24.9,7.12,1944,63,4.32
25,7.09,1916,60,4.47
25.2,7.1,1935,62,5.14
25.1,7.09,1922,98,3.88
25.1,7.07,2084,84,4.66
25.1,7.11,2093,78,4.33
25,7.11,2287,84,4.11
24.9,7.13,2172,71,4.72
25,7.26,2728,88,3.55
25,7.12,2886,59,3.75
24.7,7.09,2684,51,4.36
24.5,7.13,2319,41,4.76
24.4,7.04,2162,43,4.63
24.4,7.07,2366,59,4.15
24.2,7.09,2354,64,3.95
23.8,7.14,2183,48,4.15
24,7.13,2234,33,4.69
23.8,7.12,2222,39,4.37
23.7,7.1,2225,45,4.25
23.9,7.1,2357,51,3.98
24.2,7.16,2647,49,3.67
24.4,7.07,2693,54,3.51
24.4,7.08,2687,48,3.62
24.5,7.08,2650,64,3.59
24.5,7.11,2606,65,3.6
24.4,7.08,2628,61,3.55
24.5,7.13,2536,70,4.34
24.5,7.11,2452,66,4.91
24.4,7.13,2380,81,5.13
24.3,7.1,2253,54,6.54
24.4,7.11,2318,77,5.21
24.4,7.11,2405,88,3.83
24.3,6.97,2471,53,3.29
24.3,7.09,2536,58,3.01
24.2,7.06,2490,44,3.09
24.1,7.07,2288,31,4.24
24,7.11,2294,70,3.86
24.2,7.06,2465,68,3.02
24.3,7.05,2650,59,2.56
23.9,7.07,2288,53,3.31
23.8,7.15,2099,27,4.74
23.9,7.07,2250,61,3.48
24,7.04,2439,64,2.65
24,7.04,2542,53,2.95
24,7.06,2569,60,3.04
23.7,7.04,2400,49,3.42
23.8,7.03,2409,44,4.2
23.8,7.03,2470,60,3.51
23.8,7.06,2402,47,4.53
23.8,7.04,2386,67,4.34
23.8,7.05,2457,84,4.32
24.1,6.92,7042,60,1.57
23.8,6.94,4400,53,2.96
23.6,7.08,3184,55,2.67
23.4,7.02,2890,55,2.58
23.2,7.09,1724,69,2.45
23.1,7,1080,68,2.56
23,7.09,919,59,2.45
23.1,7.08,941,45,2.39
23.1,7.08,922,35,2.52