PH,elec,tur,oxy,tem
7.003,2267.432,71.679,5.894,16.85
7.066,2144.867,71.669,6.157,16.986
7.107,2056.854,70.769,6.359,17.068
7.128,1964.693,69.069,6.494,17.094
7.137,1919.181,67.399,6.567,17.069
7.138,1958.914,65.687,6.556,17.012
7.135,1980.392,63.718,6.529,16.936
7.131,1994.099,61.779,6.521,16.876
7.126,1989.503,60.791,6.533,16.857
7.122,1979.332,60.993,6.532,16.903
7.119,1992.605,62.661,6.476,17.014
7.119,2201.553,66.02,6.335,17.15
7.123,2426.214,71.098,6.249,17.271
7.129,2602.243,78.392,6.229,17.38
7.136,2702.608,86.313,6.223,17.472
7.14,2758.488,91.693,6.202,17.543
7.142,2824.153,94.88,6.197,17.597
7.144,2881.302,96.034,6.145,17.615
7.147,2913.567,95.82,6.087,17.614
7.149,2978.061,94.868,5.986,17.587
7.15,3028.165,92.749,5.885,17.553
7.151,3071.514,89.831,5.838,17.541
7.152,3096.85,86.928,5.841,17.54
7.151,3114.862,84.17,5.893,17.542
7.151,3101.825,81.112,5.942,17.528
7.152,3035.218,76.96,5.891,17.502
7.155,2877.185,72.8,5.827,17.445
7.155,2638.502,68.421,5.673,17.352
7.152,2401.064,65.51,5.492,17.264
7.149,2436.34,63.86,5.343,17.194
7.147,2477.961,63.337,5.249,17.142
7.144,2584.764,64.334,5.207,17.12
7.142,2647.103,66.364,5.196,17.129
7.141,2653.412,68.709,5.224,17.18
7.142,2609.81,71.646,5.252,17.248
7.143,2624.685,73.839,5.252,17.318
7.144,2723.493,74.516,5.305,17.383
7.146,2738.91,74.966,5.418,17.464
7.145,2665.03,76.407,5.598,17.553
7.141,2698.421,77.857,5.875,17.629
7.135,2660.777,80.095,6.115,17.683
7.131,2624.748,83.593,6.381,17.729
7.128,2618.065,88.941,6.452,17.747
7.126,2522.321,94.053,6.464,17.736
7.124,2338.696,98.326,6.46,17.711
7.119,2500.649,98.466,6.455,17.659
7.116,2657.828,98.036,6.306,17.606
7.12,2822.537,96.494,6.052,17.551
7.127,2905.453,92.782,5.76,17.491
7.138,2902.418,89.878,5.447,17.45
7.152,2798.335,86.96,5.167,17.412
7.163,2536.758,84.02,5.031,17.388
7.164,2109.961,77.148,5.126,17.388
7.151,1958.318,66.742,5.38,17.388
7.126,1825.024,55.43,5.581,17.413
7.103,1703.475,45.677,5.633,17.451
7.08,1615.842,39.557,5.657,17.493
7.069,1592.437,38.145,5.458,17.553
7.071,1617.314,41.227,5.179,17.608
7.085,1664.107,47.826,4.97,17.659
7.11,1716.615,59.291,4.919,17.697
7.147,1778.895,76.98,4.99,17.724
7.2,1852.521,101.64,5.243,17.741
7.25,1942.209,118.918,5.435,17.738
7.293,2046.933,133.661,5.615,17.717
7.328,2150.149,162.768,5.838,17.695
7.356,2217.766,191.309,6.051,17.688
7.376,2250.822,218.621,6.219,17.681
7.39,2229.22,242.788,6.295,17.674
7.399,2167.515,279.316,6.353,17.676
7.401,2119.83,312.768,6.342,17.672
7.403,2088.939,337.769,6.249,17.656
7.408,2031.813,351.122,6.153,17.615
7.402,1993.503,356.487,6.016,17.589
7.392,1981.064,339.016,5.822,17.567
7.386,1973.584,301.725,5.676,17.559
7.383,1955.644,289.949,5.607,17.541
7.376,1947.918,289.8,5.568,17.54
7.367,1961.638,291.76,5.525,17.562
7.358,2007.289,321.041,5.466,17.611
7.353,2074.284,328.409,5.451,17.678
7.356,2086.844,325.739,5.557,17.765
7.36,2085.617,317.458,5.762,17.846
7.356,2138.186,298.859,5.808,17.901
7.351,2234.154,278.056,5.781,17.941
7.357,2304.145,258.559,5.924,18.005
7.369,2367.271,242.502,6.043,18.082
7.394,2352.74,243.506,6.32,18.178
7.422,2295.769,234.05,6.684,18.299
7.442,2232.957,218.113,7.027,18.389
7.466,2178.143,218.426,7.43,18.423
7.481,2157.868,221.128,7.675,18.421
7.488,2139.614,219.359,7.778,18.407
7.477,2143.379,218.396,7.724,18.401
7.461,2136.899,219.763,7.605,18.393
7.446,2116.249,207.175,7.465,18.383
7.43,2083.598,193.177,7.343,18.373
7.409,2034.289,177.855,7.263,18.375
7.391,1969.64,176.444,7.25,18.374
7.373,1923.606,170.185,7.238,18.371
7.357,1855.637,162.092,7.181,18.365
7.339,1812.533,174.874,7.022,18.37
7.323,1786.414,197.42,6.819,18.374
7.31,1788.347,220.007,6.589,18.38
7.298,1810.561,241.275,6.374,18.39
7.287,1849.179,239.53,6.205,18.421
7.285,1877.409,218.152,6.188,18.462
7.289,1936.503,193.902,6.28,18.503
7.304,2019.256,171.139,6.482,18.544
7.307,2142.38,167.882,6.571,18.58
7.321,2255.499,176.286,6.748,18.625
7.336,2350.199,186.483,6.906,18.662
7.354,2426.971,222.357,7.042,18.705
7.367,2427.698,260.409,7.133,18.757
7.371,2390.256,287.325,7.111,18.779
7.374,2323.84,305.336,7.034,18.784
7.378,2276.417,310.348,6.937,18.774
7.382,2583.173,303.635,6.851,18.753
7.384,2837.369,272.564,6.682,18.737
7.383,3005.29,243.002,6.501,18.724
7.378,3091.562,230.11,6.326,18.701
7.363,3115.712,214.618,6.135,18.692
7.348,3121.2,195.783,5.947,18.681
7.336,3114.752,191.466,5.785,18.663
7.325,3057.075,186.103,5.642,18.634
7.311,2975.082,183.477,5.539,18.604
7.297,2881.145,183.036,5.456,18.558
7.285,2801.434,180.797,5.414,18.508
7.278,2766.627,188.294,5.448,18.483
7.275,2743.948,197.757,5.544,18.481
7.276,2702.073,196.782,5.735,18.475
7.275,2682.861,210.743,5.889,18.489
7.275,2695.233,216.732,5.996,18.513
7.275,2738.28,222.071,6.09,18.556
7.278,2808.938,237.94,6.201,18.591
7.277,2900.476,251.467,6.223,18.613
7.279,3002.156,261.351,6.21,18.596
7.282,3087.11,252.882,6.164,18.58
7.286,3143.879,240.978,6.121,18.556
7.29,3122.574,223.025,6.155,18.535
7.289,3094.413,205.006,6.129,18.502
7.286,3043.169,183.197,6.095,18.469
7.282,3006.567,178.192,6.003,18.436
7.277,3003.378,177.747,5.853,18.419
7.273,3040.759,178.055,5.674,18.43
7.27,3074.683,192.808,5.493,18.451
7.269,3104.606,198.039,5.315,18.464
7.267,3132.311,200.046,5.155,18.464
7.268,3154.604,195.703,5.009,18.448
7.268,3171.012,188.943,4.876,18.426
7.267,3167.119,182.888,4.748,18.373
7.265,3161.075,177.034,4.646,18.317
7.263,3170.303,166.51,4.546,18.289
7.261,3152.647,170.475,4.474,18.29
7.256,3152.529,179.184,4.447,18.307
7.252,3158.365,182.022,4.496,18.339
7.249,3190.609,201.265,4.677,18.375
7.248,3205.521,218.031,4.962,18.43
7.252,3200.169,231.96,5.278,18.496
7.257,3141.139,234.008,5.598,18.56
7.258,3066.234,221.745,5.793,18.61
7.254,3006.456,209.111,5.832,18.648
7.25,2940.796,186.333,5.796,18.663
7.248,2857.51,159.813,5.787,18.657
7.245,2762.913,145.546,5.815,18.633
7.241,2673.837,133.869,5.837,18.606
7.234,2620.778,122.725,5.763,18.581
7.229,2595.945,128.024,5.656,18.568
7.226,2625.996,133.846,5.528,18.553
7.223,2649.881,136.423,5.39,18.543
7.222,2671.633,140.575,5.235,18.522
7.222,2693.984,141.941,5.067,18.489
7.222,2706.466,152.819,4.874,18.447
7.222,2745.72,164.769,4.746,18.442
7.221,2748.823,185.073,4.688,18.467
7.216,2664.16,222.673,4.685,18.524
7.217,2477.362,255.534,4.607,18.603
7.217,2347.826,299.877,4.352,18.693
7.225,2270.141,351.521,4.146,18.783
7.238,2226.2,386.824,4.043,18.864
7.257,2212.154,403.162,3.93,18.927
7.285,2218.824,388.229,3.87,18.964
7.318,2239.089,344.776,3.916,18.994
7.33,2267.801,308.879,4.024,19.006
7.361,2304.152,283.595,4.132,18.99
7.395,2351.816,268.55,4.187,18.96
7.425,2416.782,260.138,4.157,18.934
7.446,2474.291,249.158,4.071,18.911
7.462,2503.457,233.142,3.987,18.887
7.472,2487.532,211.499,3.909,18.857
7.476,2432.712,187.364,3.843,18.819
7.472,2418.051,168.372,3.744,18.781
7.466,2434.448,155.834,3.621,18.742
7.458,2438.502,148.373,3.482,18.71
7.45,2441.035,142.333,3.338,18.682
7.442,2453.663,127.165,3.218,18.644
7.437,2479.812,115.672,3.119,18.621
7.435,2544.991,107.209,3.043,18.617
7.437,2663.332,107.567,2.976,18.636
7.443,2851.583,118.897,2.905,18.69
7.458,3086.651,133.192,2.925,18.754
7.476,3269.967,145.051,3.039,18.814
7.491,3401.42,157.512,3.112,18.858
7.505,3464.917,162.064,3.202,18.905
7.521,3502.426,166.958,3.371,18.946
7.538,3649.826,170.571,3.526,18.97
7.563,3840.642,168.556,3.763,18.991
7.588,4017.46,165.346,3.999,18.997
7.611,4183.597,163.501,4.15,18.964
7.637,4236.562,156.279,4.361,18.943
7.657,4269.282,147.054,4.533,18.913
7.668,4179.906,133.469,4.71,18.884
7.67,4013.945,121.128,4.843,18.869
7.666,3766.76,107.011,4.858,18.861
7.656,3535.097,91.907,4.876,18.826
7.644,3199.976,75.406,4.931,18.775
7.631,2841.262,62.969,4.973,18.732
7.62,2485.065,53.62,5.02,18.705
7.609,2323.718,45.498,5.085,18.659
7.599,2119.233,37.2,5.204,18.589
7.587,1942.437,31.957,5.249,18.511
7.574,1992.203,31.586,5.211,18.469
7.566,2120.416,36.994,5.114,18.474
7.564,2317.085,48.709,5.025,18.529
7.571,2555.724,64.59,5,18.64
7.586,2793.535,83.239,5.06,18.772
7.613,3019.964,102.28,5.238,18.921
7.647,3094.167,112.05,5.596,19.094
7.683,3169.48,120.43,5.95,19.253
7.719,3198.934,119.86,6.337,19.414
7.746,3279.724,118.939,6.577,19.522
7.771,3397.489,120.746,6.749,19.594
7.789,3587.988,127.34,6.781,19.6
7.8,3763.51,131.781,6.758,19.586
7.799,3903.644,130.184,6.654,19.544
7.79,4000.29,124.278,6.514,19.477
7.779,3987.834,114.045,6.422,19.398
7.765,3946.624,105.107,6.293,19.335
7.752,3898.049,95.008,6.188,19.284
7.738,3817.7,86.669,6.095,19.242
7.717,3757.483,81.084,5.947,19.215
7.694,3622.75,75.055,5.792,19.2
7.667,3484.753,68.732,5.524,19.19
7.642,3314.739,64.232,5.256,19.182
7.62,3096.782,60.677,5.045,19.171
7.601,2838.386,56.764,4.894,19.156
7.585,2802.034,53.984,4.828,19.137
7.573,2837.674,55.567,4.782,19.118
7.563,2958.549,63.58,4.682,19.131
7.564,3070.759,72.076,4.657,19.168
7.575,3172.984,82.998,4.762,19.221
7.599,3292.228,95.824,4.958,19.295
7.637,3365.997,109.325,5.358,19.386
7.68,3451.03,118.255,5.788,19.515
7.726,3454.59,123.077,6.253,19.663
7.748,3473.192,127.721,6.446,19.716
7.771,3451.094,130.79,6.661,19.741
7.793,3459.867,133.155,6.895,19.763
7.801,3459.558,126.541,6.98,19.752
7.804,3403.219,117.859,6.989,19.737
7.804,3285.046,109.358,6.951,19.723
7.795,3131.426,101.919,6.834,19.71
7.779,2964.098,95.995,6.631,19.696
7.759,3131.39,89.997,6.411,19.681
7.739,3263.878,84.731,6.252,19.661
7.722,3309.422,81.173,6.141,19.646
7.698,3283.199,79.501,5.887,19.618
7.675,3249.965,77.562,5.606,19.577
7.653,3157.659,75.426,5.348,19.536
7.63,3218.312,74.187,5.11,19.523
7.61,3258.088,73.688,4.89,19.514
7.597,3278.131,74.125,4.76,19.522
7.596,3273.803,72.819,4.799,19.552
7.61,3254.916,69.907,5.042,19.609
7.636,3204.246,68.281,5.444,19.685
7.67,3171.498,69.27,5.917,19.772
7.715,3175.846,70.739,6.439,19.867
7.773,3190.523,74.272,6.996,19.987
7.841,3220.11,81.287,7.586,20.119
7.881,3323.826,92.621,7.777,20.189
7.884,3485.495,104.217,7.581,20.177
7.851,3688.85,109.681,7.043,20.085
7.804,3912.745,110.082,6.373,19.96
7.757,4139.504,107.517,5.698,19.827
7.729,4285.86,105.477,5.247,19.743
7.714,4395.959,103.556,4.988,19.709
7.717,4509.131,100.809,4.949,19.715
7.722,4557.021,96.255,4.961,19.725
7.729,4580.431,88.85,5.018,19.732
7.73,4590.313,83.542,4.997,19.746
7.725,4597.724,79.9,4.915,19.764
7.716,4591.443,76.209,4.824,19.771
7.7,4550.705,72.157,4.753,19.751
7.681,4522.658,70.474,4.65,19.732
7.664,4490.845,70.114,4.562,19.703
7.648,4454.17,70.715,4.476,19.683
7.636,4448.364,75.598,4.398,19.688
7.628,4481.23,82.942,4.347,19.72
7.625,4523,89.513,4.354,19.765
7.629,4567.975,93.604,4.406,19.808
7.637,4594.875,96.109,4.428,19.845
7.649,4618.715,96.405,4.453,19.875
7.654,4651.319,97.734,4.347,19.869
7.656,4696.913,100.303,4.193,19.826
7.661,4771.09,104.369,4.029,19.778
7.669,4857.513,107.808,3.956,19.74
7.684,4901.159,110.299,3.991,19.712
7.708,4825.374,110.141,4.181,19.692
7.726,4705.547,105.842,4.4,19.675
7.734,4466.926,94.279,4.569,19.66
7.732,4277.624,79.521,4.689,19.657
7.72,4026.993,65.188,4.752,19.662
7.7,3782.59,53.89,4.771,19.655
7.678,3600.796,46.023,4.758,19.629
7.66,3467.792,41.237,4.733,19.58
7.646,3346.36,37.186,4.756,19.519
7.636,3298.361,33.976,4.833,19.447
7.626,3273.76,32.678,4.896,19.392
7.616,3314.13,33.955,4.873,19.36
7.607,3376.762,38.461,4.775,19.37
7.598,3467.361,45.578,4.612,19.427
7.589,3596.252,56.102,4.386,19.546
7.58,3754.853,67.912,4.15,19.686
7.579,3886.431,79.506,4.041,19.801
7.587,3978.161,87.67,4.073,19.876
7.6,4045.692,92.093,4.255,19.901
7.613,4097.237,95.526,4.481,19.883
7.628,4165.842,98.912,4.695,19.845
7.645,4218.034,101.434,4.905,19.82
7.652,4263.515,103.199,4.979,19.798
7.654,4283.013,102.197,4.915,19.776
7.654,4246.106,100.417,4.829,19.752
7.651,4147.329,96.353,4.748,19.737
7.642,3995.821,86.831,4.681,19.717
7.627,3859.214,75.391,4.592,19.703
7.611,3686.849,62.802,4.501,19.707
7.598,3544.468,51.577,4.441,19.71
7.59,3411.528,42.787,4.446,19.693
7.588,3289.383,36.388,4.512,19.655
7.592,3178.113,31.995,4.632,19.623
7.588,3099.648,30.586,4.627,19.598
7.578,3044.987,31.138,4.542,19.583
7.571,3044.743,32.965,4.52,19.567
7.564,3069.475,36.696,4.454,19.584
7.556,3111.164,42.153,4.363,19.645
7.554,3149.538,49.561,4.332,19.755
7.571,3143.479,57.624,4.601,19.88
7.617,3081.67,64.757,5.287,20.003
7.675,2980.772,65.519,6.128,20.148
7.754,2965.97,64.855,7.051,20.302
7.844,2914.983,64.617,7.976,20.455
7.927,2869.311,63.513,8.751,20.57
7.971,2815.591,60.404,9.137,20.62
7.976,2803.321,56.399,9.184,20.593
7.935,2815.488,53.276,8.79,20.509
7.869,2825.788,52.061,8.131,20.401
7.808,2802.382,51.246,7.519,20.311
7.742,2807.583,51.053,6.884,20.212
7.695,2801.524,50.045,6.357,20.133
7.659,2841.756,49.397,5.888,20.066
7.624,3085.005,50.214,5.346,20.001
7.599,3310.626,51.41,4.927,19.941
7.583,3472.807,52.414,4.631,19.888
7.573,3629.731,53.297,4.397,19.833
7.566,3705.276,53.373,4.218,19.766
7.564,3653.206,51.249,4.19,19.694
7.563,3549.999,50.073,4.183,19.627
7.564,3498.597,50.463,4.194,19.574
7.571,3440.222,51.686,4.279,19.534
7.583,3387.342,53.347,4.44,19.522
7.6,3409.048,53.626,4.666,19.548
7.614,3450.16,55.83,4.8,19.597
7.62,3497.329,59.895,4.87,19.65
7.63,3540.9,63.862,4.988,19.689
7.654,3569.123,66.671,5.234,19.711
7.683,3584.323,69.56,5.506,19.701
7.715,3571.611,70.309,5.819,19.669
7.735,3580.575,69.628,6.045,19.614
7.743,3574.809,67.85,6.16,19.546
7.741,3546.776,66.44,6.197,19.462
7.733,3569.432,66.212,6.159,19.381
7.72,3565.424,65.655,6.017,19.298
7.701,3605.789,64.504,5.764,19.22
7.678,3654.26,63.169,5.391,19.154
7.655,3664.4,60.39,4.994,19.105
7.625,3579.615,55.348,4.624,19.066
7.591,3436.476,47.656,4.291,19.03
7.556,3192.76,38.73,4.067,19.004
7.527,2910.237,32.096,3.942,18.981
7.505,2682.72,29.334,3.867,18.946
7.491,2547.999,30.504,3.823,18.914
7.486,2491.673,34.626,3.818,18.906
7.488,2484.479,42.563,3.851,18.943
7.493,2515.201,54.699,3.903,19.032
7.504,2555.266,68.98,4.002,19.15
7.513,2579.117,88.096,4.078,19.272
7.528,2548.945,112.125,4.227,19.39
7.542,2469.932,128.724,4.381,19.509
7.553,2565.679,134.997,4.484,19.594
7.565,2687.568,131.741,4.578,19.655
7.572,2810.83,123.901,4.586,19.652
7.563,2955.475,116.79,4.416,19.571
7.549,3089.57,110.504,4.18,19.457
7.536,3174.478,104.641,3.98,19.354
7.525,3206.287,100.792,3.851,19.261
7.518,3204.226,97.085,3.791,19.173
7.511,3261.61,93.384,3.621,19.119
7.51,3300.775,89.243,3.507,19.075
7.515,3299.773,84.036,3.495,19.014
7.518,3252.264,78.004,3.53,18.923
7.515,3209.28,70.804,3.497,18.882
7.51,3231.677,63.273,3.399,18.894
7.505,3325.322,60.638,3.213,18.951
7.5,3421.14,60.884,3.071,18.987
7.5,3530.739,62.524,3.03,18.982
7.504,3608.895,67.52,3.065,18.942
7.513,3747.062,79.419,3.11,18.959
7.528,3868.206,95.704,3.304,18.961
7.551,3948.688,113.056,3.62,18.944
7.574,3971.677,120.392,3.932,18.939
7.595,3991.728,119.623,4.203,18.953
7.602,4062.634,118.208,4.381,18.991
7.608,4112.098,113.382,4.488,19.055
7.614,4137.919,106.414,4.604,19.131
7.618,4126.018,99.924,4.688,19.199
7.612,4100.556,96.138,4.665,19.218
7.603,4091.933,93.558,4.598,19.201
7.595,4069.278,90.596,4.52,19.163
7.587,4060.825,88.367,4.409,19.121
7.578,4093.399,85.801,4.285,19.073
7.572,4088.446,82.758,4.165,19.013
7.566,4022.118,78.571,4.078,18.951
7.56,3878.187,73.68,3.988,18.88
7.549,3764.55,68.399,3.849,18.812
7.536,3653.218,63.936,3.672,18.777
7.525,3559.475,58.541,3.536,18.74
7.517,3485.143,54.675,3.5,18.687
7.511,3364.636,51.399,3.593,18.608
7.508,3200.84,48.566,3.84,18.513
7.511,3007.146,45.033,4.273,18.418
7.521,2806.869,40.93,4.798,18.369
7.531,2627.656,38.929,5.203,18.383
7.541,2531.87,39.115,5.486,18.459
7.547,2596.152,41.203,5.617,18.552
7.557,2657.963,42.784,5.773,18.642
7.561,2785.101,44.279,5.834,18.717
7.566,2925.901,46.323,5.809,18.775
7.558,3101.255,50.075,5.554,18.774
7.56,3280.117,55.836,5.461,18.787
7.564,3482.571,63.199,5.462,18.812
7.566,3673.345,70.632,5.391,18.838
7.569,3803.542,75.393,5.362,18.863
7.564,3826.976,77.107,5.222,18.874
7.555,3868.327,76.857,5.035,18.866
7.54,3822.071,74.616,4.785,18.839
7.523,3656.289,69.576,4.542,18.79
7.51,3438.404,63.886,4.449,18.733
7.494,3238.999,58.87,4.396,18.682
7.481,3018.165,54.534,4.427,18.647
7.471,2811.85,50.464,4.552,18.613
7.461,2635.337,46.919,4.683,18.589
7.452,2494.904,44.463,4.685,18.574
7.446,2328.105,42.68,4.687,18.57
7.445,2135.265,41.372,4.755,18.581
7.45,1884.595,40.722,4.914,18.628
7.454,1773.198,41.841,5.098,18.715
7.455,1915.843,45.046,5.204,18.818
7.452,2109.183,49.177,5.177,18.924
7.451,2240.758,53.362,5.148,19.018
7.445,2309.012,58.418,5.034,19.061
7.438,2407.282,65.412,4.817,19.068
7.435,2760.704,72.762,4.546,19.033
7.437,3131.103,79.283,4.26,18.99
7.445,3445.329,84.327,3.994,18.959
7.456,3619.806,85.875,3.797,18.94
7.465,3670.649,84.621,3.655,18.931
7.472,3638.531,83.493,3.597,18.916
7.472,3734.562,81.972,3.618,18.905
7.468,3742.914,79.847,3.704,18.897
7.462,3744.137,76.45,3.857,18.89
7.454,3651.873,71.303,3.974,18.875
7.446,3553.204,68.405,3.97,18.891
7.44,3542.886,66.554,3.935,18.922
7.438,3525.985,65.007,3.868,18.937
7.438,3590.124,63.9,3.804,18.929
7.436,3618.431,63.71,3.702,18.895
7.434,3791.236,64.117,3.633,18.848
7.431,3887.378,64.491,3.622,18.79
7.429,3910.306,64.283,3.673,18.735
7.429,3945.509,64.04,3.819,18.7
7.431,3974.673,63.077,4.086,18.701
7.437,3983.53,62.631,4.404,18.737
7.445,3962.612,62.185,4.739,18.79
7.45,3923.924,62.858,4.976,18.831
7.452,3931.828,65.463,5.108,18.869
7.455,3918.057,68.119,5.203,18.892
7.456,3926.792,70.406,5.261,18.898
7.454,3918.758,69.753,5.326,18.883
7.449,3940.426,67.556,5.338,18.844
7.444,3918.061,62.48,5.363,18.776
7.439,3834.579,56.347,5.42,18.685
7.428,3734.582,50.726,5.462,18.58
7.417,3616.861,46.202,5.492,18.468
7.405,3502.877,43.796,5.474,18.368
7.395,3380.377,42.822,5.454,18.283
7.384,3331.472,42.858,5.325,18.202
7.375,3293.791,45.299,5.113,18.124
7.369,3273.94,50.196,4.844,18.04
7.367,3246.729,55.915,4.567,17.967
7.361,3250.539,59.286,4.323,17.899
7.357,3281.978,62.911,4.156,17.835
7.355,3326.865,67.79,4.043,17.794
7.355,3368.664,71.457,4.004,17.813
7.354,3457.445,69.546,4.078,17.916
7.355,3609.11,65.085,4.242,18.094
7.356,3743.105,59.597,4.398,18.304
7.355,3832.197,53.791,4.423,18.487
7.351,3868.953,48.683,4.353,18.601
7.346,3858.187,44.883,4.219,18.648
7.343,3814.164,42.162,4.013,18.624
7.34,3758.505,41.11,3.815,18.561
7.337,3703.953,41.368,3.633,18.468
7.335,3734.209,41.798,3.547,18.373
7.334,3766.56,42.34,3.528,18.286
7.333,3780.482,42.368,3.564,18.201
7.331,3772.952,42.47,3.653,18.126
7.329,3753.055,42.504,3.809,18.067
7.327,3759.141,42.273,4.047,18.03
7.324,3757.654,41.706,4.315,18.016
7.319,3743.67,41.069,4.543,17.988
7.318,3743.044,39.551,4.573,17.932
7.319,3739.805,38.245,4.471,17.856
7.321,3722.414,37.112,4.347,17.769
7.321,3695.135,36.005,4.25,17.687
7.322,3653.204,34.867,4.231,17.628
7.322,3580.477,33.438,4.308,17.624
7.323,3479.312,32.145,4.507,17.677
7.323,3355.874,30.981,4.805,17.777
7.321,3321.068,30.64,5.016,17.897
7.322,3339.378,30.198,5.226,18.027
7.324,3368.99,30.158,5.538,18.157
7.325,3382.185,30.744,5.804,18.264
7.326,3448.601,32.226,5.983,18.348
7.325,3518.581,33.69,5.797,18.369
7.321,3587.563,34.496,5.204,18.307
7.319,3674.129,35.972,4.568,18.236
7.319,3785.161,38.361,4.041,18.179
7.32,3871.075,41.4,3.641,18.138
7.322,3924.861,44.858,3.388,18.105
7.322,3940.088,48.302,3.361,18.073
7.32,3890.58,51.213,3.514,18.032
7.315,3784.683,53.19,3.787,17.976
7.312,3673.344,52.717,3.889,17.911
7.312,3634.398,50.311,3.833,17.848
7.313,3676.082,46.729,3.628,17.805
7.315,3762.862,43.774,3.392,17.768
7.318,3765.1,41.044,3.226,17.682
7.32,3703.821,38.377,3.188,17.543
7.319,3681.485,36.417,3.256,17.42
7.315,3706.368,35.439,3.357,17.363
7.31,3718.018,34.976,3.504,17.373
7.306,3736.22,35.466,3.582,17.433
7.304,3764.618,36.546,3.545,17.515
7.305,3802.948,38.067,3.58,17.618
7.311,3850.381,39.967,3.701,17.731
7.324,3880.803,43.318,3.99,17.835
7.347,3918.058,48.037,4.39,17.935
7.384,4060.698,54.148,4.841,18.021
7.436,4220.802,59.612,5.25,18.071
7.478,4354.53,63.606,5.479,18.076
7.501,4455.422,65.703,5.358,18.054
7.514,4501.682,66.124,5.194,18.025
7.514,4536.41,64.452,4.939,17.992
7.513,4527.681,61.25,4.769,17.954
7.512,4504.587,56.579,4.676,17.912
7.503,4499.914,52.333,4.515,17.891
7.485,4536.33,50.687,4.239,17.886
7.471,4558.023,48.643,4.029,17.864
7.46,4583.573,45.897,3.894,17.833
7.45,4622.946,43.208,3.714,17.824
7.45,4619.431,40.851,3.725,17.775
7.457,4569.934,39.015,3.825,17.68
7.474,4483.922,38.055,4.11,17.569
7.499,4377.413,38.213,4.523,17.493
7.523,4289.087,39.435,4.901,17.49
7.548,4246.898,41.555,5.226,17.554
7.579,4236.708,43.252,5.544,17.68
7.629,4242.185,44.706,6.041,17.861
7.71,4239.997,44.948,6.878,18.089
7.807,4236.225,44.02,7.841,18.344
7.862,4231.792,42.548,8.366,18.488
7.867,4249.932,41.205,8.379,18.502
7.855,4276.259,41.32,8.286,18.461
7.855,4288.11,43.648,8.276,18.456
7.853,4279.451,46.633,8.212,18.455
7.854,4244.184,50.622,8.113,18.492
7.858,4158.805,55.495,7.971,18.578
7.838,4017.584,58.863,7.609,18.65
7.787,3800.021,58.333,7.059,18.655
7.723,3508.326,52.238,6.537,18.6
7.663,3178.396,44.02,6.183,18.489
7.614,2951.767,38.587,5.913,18.381
7.575,2844.07,36.421,5.67,18.307
7.546,2831.25,35.673,5.366,18.272
7.523,2844.833,35.294,5.086,18.226
7.507,2855.361,35.004,4.879,18.149
7.497,2879.488,35.304,4.761,18.077
7.489,2963.189,38.152,4.65,18.089
7.485,3102.45,43.931,4.553,18.207
7.482,3283.394,53.502,4.432,18.393
7.486,3405.265,64.212,4.395,18.518
7.496,3466.563,73.371,4.442,18.594
7.504,3509.604,77.216,4.447,18.608
7.506,3548.02,77.11,4.337,18.563
7.515,3554.821,75.504,4.352,18.472
7.525,3538.856,72.185,4.415,18.35
7.537,3507.51,68.322,4.536,18.21
7.546,3469.35,64.906,4.641,18.088
7.551,3430.907,62.145,4.72,17.991
7.553,3416.55,59.52,4.77,17.912
7.552,3440.865,56.71,4.834,17.863
7.547,3521.35,53.727,4.878,17.821
7.54,3651.936,50.69,4.901,17.804
7.533,3737.927,47.744,4.931,17.745
7.53,3743.273,45.673,4.911,17.617
7.526,3716.369,45.172,4.892,17.486
7.526,3678.856,46.128,4.899,17.374
7.529,3665.278,48.256,4.943,17.317
7.533,3703.587,50.975,4.972,17.348
7.541,3795.997,54.539,4.986,17.468
7.556,3938.07,59.086,5.04,17.653
7.577,4044.637,62.301,5.14,17.796
7.579,4138.673,63.827,4.986,17.864
7.565,4230.833,65.405,4.703,17.873
7.556,4287.818,66.503,4.516,17.86
7.555,4302.13,67.398,4.431,17.83
7.565,4257.819,68.195,4.522,17.784
7.578,4172.962,67.153,4.707,17.713
7.582,4052.7,65.724,4.825,17.612
7.583,3923.734,65.309,4.921,17.499
7.584,3777.627,65.236,5.067,17.39
7.588,3564.956,65.237,5.297,17.253
7.586,3375.376,65.827,5.388,17.143
7.586,3112.656,67.558,5.552,17.021
7.581,2897.114,67.913,5.651,16.965
7.571,2731.621,66.679,5.681,16.967
7.556,2643.341,64.097,5.643,17.036
7.539,2654.496,61.201,5.558,17.144
7.517,2761.619,59.187,5.353,17.272
7.51,2891.788,57.417,5.243,17.378
7.517,3010.027,56.062,5.268,17.462
7.523,3140.385,54.488,5.261,17.503
7.536,3247.322,52.538,5.389,17.529
7.559,3305.217,49.865,5.649,17.528
7.572,3310.414,46.296,5.811,17.481
7.573,3271.463,43.685,5.835,17.382
7.571,3203.058,40.849,5.827,17.241
7.565,3115.305,38.115,5.818,17.088
7.56,3028.764,36.336,5.83,16.965
7.556,2944.19,35.848,5.872,16.899
7.555,2854.156,36.183,5.972,16.896
7.556,2772.971,37.57,6.042,16.91
7.56,2691.312,38.826,6.121,16.935
7.569,2620.015,40.897,6.224,16.986
7.574,2601.816,42.628,6.239,17.067
7.568,2658.764,43.44,6.057,17.157
7.537,2804.937,44.099,5.515,17.239
7.51,3002.263,45.914,4.96,17.348
7.494,3234.288,46.397,4.494,17.48
7.479,3463.905,46.736,4.162,17.577
7.474,3661.035,48.767,4.012,17.661
7.48,3797.661,51.719,4.018,17.742
7.489,3876.811,54.238,4.067,17.807
7.498,3882.601,57.053,4.16,17.856
7.509,3804.227,60.4,4.295,17.905
7.52,3664.511,66.165,4.396,17.996
7.531,3473.418,72.131,4.427,18.126
7.536,3190.623,76.888,4.466,18.244
7.54,2816.089,77.593,4.667,18.336
7.547,2389.844,71.505,5.039,18.392
7.561,1979.535,61.748,5.543,18.402
7.579,1654.817,53.327,6.045,18.366
7.597,1436.855,50.007,6.445,18.325
7.617,1317.302,50.128,6.755,18.327
7.646,1274.072,51.576,7.048,18.389
7.682,1281.677,54.955,7.365,18.522
7.723,1326.306,56.906,7.66,18.706
7.756,1394.786,58.531,7.85,18.902
7.806,1475.893,61.008,8.198,19.113
7.833,1534.292,64.548,8.37,19.203
7.815,1567.684,65.869,8.175,19.174
7.789,1579.445,56.309,7.925,19.093
7.756,1577.714,47.633,7.617,19.006
7.717,1566.44,41.165,7.294,18.93
7.685,1546.545,36.983,7.036,18.89
7.656,1521.545,35.48,6.823,18.924
7.633,1495.792,37.118,6.655,19.037
7.611,1470.305,41.723,6.54,19.22
7.596,1444.555,44.408,6.493,19.346
7.593,1424.052,42.721,6.545,19.423
7.589,1408.878,39.632,6.569,19.457
7.586,1399.342,36.201,6.569,19.458
7.582,1396.028,32.986,6.542,19.439
7.583,1399.91,30.651,6.519,19.421
7.586,1416.976,30.545,6.503,19.425
7.582,1455.845,32.58,6.44,19.442
7.564,1522.416,36.524,6.3,19.458
7.537,1619.374,38.978,5.997,19.49
7.522,1696.601,40.942,5.749,19.526
7.512,1771.271,42.171,5.514,19.568
7.508,1827.339,40.45,5.362,19.616
7.508,1866.773,38.053,5.25,19.653
7.507,1895.847,36.741,5.112,19.659
7.505,1907.117,37.579,4.975,19.627
7.497,1903.177,39.872,4.826,19.549
7.475,1899.289,41.713,4.555,19.43
7.452,1894.599,41.363,4.266,19.277
7.428,1890.647,40.691,3.993,19.118
7.409,1869.186,39,3.801,18.945
7.393,1843.153,35.518,3.656,18.786
7.379,1822.109,32.399,3.535,18.656
7.368,1806.299,30.777,3.426,18.555
7.356,1794.48,28.699,3.334,18.47
7.348,1785.08,27.287,3.212,18.412
7.342,1773.318,26.26,3.1,18.371
7.338,1759.772,25.647,2.999,18.336
7.334,1748.407,24.691,2.902,18.3
7.331,1735.03,24.04,2.831,18.27
7.329,1727.506,24.698,2.747,18.247
7.327,1726.284,25.5,2.671,18.243
7.326,1730.39,25.323,2.626,18.249
7.325,1740.256,25.599,2.602,18.283
7.327,1752.75,26.071,2.609,18.348
7.332,1765.578,26.34,2.642,18.436
7.339,1772.703,27.184,2.716,18.532
7.346,1776.861,28.9,2.79,18.621
7.346,1779.722,30.257,2.755,18.655
7.347,1780.739,31.097,2.727,18.666
7.348,1780.107,31.184,2.707,18.679
7.356,1777.384,30.199,2.813,18.703
7.369,1772.71,28.495,3.043,18.73
7.384,1768.586,25.933,3.333,18.762
7.4,1765.203,23.942,3.661,18.788
7.413,1762.765,23.412,3.946,18.812
7.425,1756.948,22.885,4.179,18.835
7.431,1748.417,22.263,4.33,18.862
7.429,1737.569,21.75,4.311,18.89
7.419,1732.428,21.834,4.166,18.894
7.406,1722.633,21.888,3.977,18.873
7.391,1708.312,22.098,3.752,18.85
7.375,1688.881,22.88,3.527,18.834
7.366,1672.811,24.892,3.421,18.855
7.368,1661.222,27.232,3.439,18.941
7.383,1657.599,26.639,3.628,19.09
7.407,1659.105,27.136,3.95,19.305
7.433,1661.452,26.89,4.275,19.524
7.434,1662.53,26.181,4.322,19.636
7.424,1662.054,22.556,4.222,19.627
7.423,1659.93,19.049,4.24,19.628
7.441,1657.296,17.351,4.459,19.666
7.478,1654.345,17.33,4.756,19.74
7.526,1656.708,18.785,5.132,19.838
7.581,1658.214,21.331,5.619,19.953
7.573,1661.434,21.914,5.484,19.938
7.519,1667.292,20.949,4.883,19.808
7.447,1674.229,18.806,4.059,19.621
7.38,1684.166,15.641,3.25,19.44
7.331,1691.203,13.228,2.67,19.306
7.298,1693.831,11.352,2.317,19.211
7.275,1694.28,10.13,2.027,19.14
7.257,1692.38,9.707,1.782,19.079
7.246,1687.697,8.997,1.621,19.03
7.24,1680.583,8.714,1.526,19.002
7.237,1672.674,8.713,1.472,18.989
7.236,1665.771,8.108,1.458,18.988
7.236,1662.307,7.682,1.452,18.999
7.236,1657.481,7.122,1.49,19.023
7.238,1653.127,6.037,1.569,19.073
7.242,1649.675,5.468,1.665,19.132
7.243,1650.937,5.406,1.684,19.168
7.241,1683.725,5.146,1.645,19.141
7.238,1726.412,4.92,1.657,19.109
7.24,1785.886,4.952,1.67,19.097
7.247,1859.077,5.498,1.707,19.109
7.258,1934.992,6.871,1.796,19.132
7.27,1993.209,7.816,1.927,19.155
7.282,2034.432,9.649,2.036,19.191
7.294,2061.547,12.694,2.191,19.23
7.305,2082.886,14.729,2.297,19.275
7.314,2112.248,15.964,2.303,19.324
7.318,2144.946,16.454,2.233,19.35
7.316,2180.102,16.785,2.117,19.35
7.313,2217.49,16.58,1.988,19.322
7.309,2240.494,17.131,1.894,19.27
7.304,2260.815,17.747,1.813,19.219
7.299,2262.333,18.432,1.79,19.172
7.293,2249.867,18.119,1.73,19.136
7.286,2223.104,17.802,1.719,19.094
7.278,2200.116,17.359,1.662,19.046
7.271,2177.54,16.277,1.665,19.018
7.266,2166.945,15.543,1.784,19.017
7.264,2159.543,14.753,2.033,19.051
7.267,2154.27,13.639,2.443,19.128
7.278,2153.522,13.228,2.995,19.254
7.298,2157.019,12.854,3.484,19.412
7.341,2156.355,13.93,4.041,19.577
7.391,2155.204,14.03,4.622,19.728
7.432,2154.358,14.638,5.009,19.832
7.47,2150.417,15.783,5.32,19.901
7.521,2138.637,16.087,5.74,19.977
7.547,2117.548,16.507,5.954,19.986
7.543,2091.185,17.305,5.882,19.938
7.518,2063.801,17.529,5.612,19.849
7.484,2078.728,18.54,5.285,19.747
7.447,2093.051,20.523,4.938,19.643
7.413,2126.819,22.908,4.64,19.544
7.382,2154.222,24.713,4.436,19.453
7.357,2169.932,24.506,4.325,19.36
7.336,2175.628,24.083,4.037,19.269
7.319,2172.095,23.967,3.759,19.186
7.308,2162.134,22.605,3.562,19.125
7.301,2155.692,21.722,3.418,19.101
7.303,2178.853,20.93,3.414,19.121
7.322,2200.095,21.479,3.602,19.195
7.361,2219.219,23.058,4.056,19.349
7.421,2231.201,26.114,4.805,19.564
7.493,2236.784,23.733,5.672,19.815
7.56,2237.651,21.548,6.443,20.063
7.544,2238.934,17.139,6.374,20.128
7.507,2239.641,13.805,6.045,20.123
7.47,2237.632,11.941,5.65,20.104
7.448,2233.426,9.611,5.36,20.102
7.456,2226.765,8.734,5.457,20.14
7.452,2219.798,8.615,5.595,20.113
7.417,2216.471,8.562,5.177,20.008
7.364,2216.211,8.227,4.417,19.861
7.309,2218.105,7.678,3.564,19.713
7.263,2222.636,7.44,2.808,19.591
7.23,2229.74,7.8,2.235,19.501
7.211,2233.445,7.061,1.9,19.434
7.202,2230.366,7.037,1.781,19.394
7.199,2221.096,7.005,1.833,19.372
7.198,2216.071,5.641,1.967,19.364
7.196,2211.443,4.884,2.08,19.368
7.193,2206.196,4.472,2.179,19.388
7.188,2200.007,4.188,2.216,19.433
7.185,2192.242,4.68,2.263,19.515
7.188,2183.806,5.158,2.368,19.638
7.199,2173.114,6.559,2.593,19.816
7.22,2161.173,8.797,2.972,20.037
7.245,2147.856,9.516,3.39,20.26
7.266,2139.081,10.027,3.654,20.452
7.298,2131.533,10.868,4.007,20.639
7.353,2121.712,10.807,4.737,20.884
7.424,2111.438,11.538,5.775,21.17
7.435,2103.914,11.751,6.064,21.275
7.405,2103.176,11.93,5.789,21.214
7.354,2106.844,12.082,5.193,21.037
7.3,2115.364,11.617,4.482,20.81
7.254,2128.581,11.776,3.801,20.582
7.218,2147.574,11.9,3.205,20.39
7.191,2169.742,10.65,2.698,20.236
7.172,2194.743,8.658,2.233,20.118
7.159,2212.343,7.618,1.919,20.032
7.151,2220.998,5.753,1.755,19.978
7.146,2220.83,5.041,1.712,19.944
7.145,2221.583,5.501,1.682,19.932
7.145,2227.007,6.764,1.658,19.935
7.146,2241.362,8.792,1.658,19.929
7.148,2271.402,10.348,1.655,19.911
7.153,2318.41,13.467,1.678,19.88
7.16,2366.528,16.305,1.78,19.854
7.168,2420.369,18.945,1.963,19.855
7.178,2485.261,21.519,2.219,19.889
7.192,2542.206,23.258,2.531,19.963
7.211,2605.38,23.758,2.933,20.067
7.231,2680.065,24.264,3.273,20.188
7.25,2755.954,25.447,3.552,20.3
7.263,2837.654,26.818,3.629,20.374
7.275,2909.36,27.763,3.64,20.399
7.29,2913.6,26.244,3.744,20.393
7.298,2889.119,25.5,3.878,20.358
7.295,2861.932,25.023,3.889,20.297
7.292,2884.671,22.782,3.89,20.222
7.284,2906.564,20.666,3.823,20.157
7.274,2932.693,19.3,3.718,20.08
7.264,2939.602,18.517,3.62,19.986
7.256,2940.548,18.177,3.553,19.911
7.244,2939.128,18.134,3.501,19.86
7.23,2941.748,18.355,3.358,19.812
7.215,2934.308,18.716,3.178,19.772
7.201,2929.325,17.477,2.914,19.732
7.187,2910.531,16.661,2.669,19.686
7.174,2888.345,16.39,2.434,19.648
7.165,2870.593,14.872,2.227,19.63
7.158,2862.909,14.051,2.095,19.634
7.153,2860.577,13.954,2.034,19.66
7.15,2864.524,14.677,2.07,19.708
7.148,2868.847,15.702,2.093,19.763
7.149,2872.728,16.27,2.173,19.81
7.147,2876.92,16.911,2.284,19.847
7.144,2878.935,17.132,2.4,19.86
7.141,2879.575,16.008,2.509,19.85
7.142,2878.511,15.068,2.622,19.815
7.144,2876.086,14.355,2.731,19.771
7.145,2876.156,12.032,2.936,19.718
7.144,2880.518,10.361,2.994,19.669
7.14,2893.682,9.371,3.005,19.635
7.136,2915.288,8.219,2.858,19.612
7.132,2942.35,7.709,2.559,19.595
7.13,2975.101,7.691,2.271,19.575
7.128,3000.106,8.089,2.078,19.547
7.126,3010.845,9.101,1.949,19.505
7.123,3001.964,8.679,1.85,19.459
7.119,2975.558,8.919,1.82,19.406
7.113,2934.477,9.917,1.739,19.358
7.109,2891.644,9.854,1.745,19.316
7.107,2906.764,10.51,1.776,19.286
7.11,2912.767,11.954,1.89,19.304
7.12,2901.001,13.182,2.038,19.382
7.139,2857.755,14.472,2.294,19.517
7.165,2774.873,16.992,2.751,19.703
7.199,2641.36,20.386,3.323,19.92
7.233,2530.068,25.182,3.816,20.118
7.257,2477.84,29.115,4.268,20.265
7.288,2460.813,34.313,4.532,20.369
7.331,2457.263,35.718,4.837,20.452
7.36,2463.033,33.663,5.25,20.463
7.344,2467.77,30.562,5.459,20.381
7.328,2465.116,27.861,5.244,20.277
7.309,2454.996,26.185,5.064,20.174
7.284,2445.277,25.88,4.875,20.086
7.256,2458.867,25.008,4.563,20.023
7.228,2509.074,24.586,4.167,19.976
7.212,2578.586,23.878,3.733,19.937
7.204,2639.611,21.357,3.539,19.912
7.199,2696.05,19.029,3.489,19.903
7.19,2714.185,16.984,3.483,19.863
7.18,2701.561,13.337,3.503,19.822
7.17,2718.232,10.843,3.436,19.774
7.159,2710.322,9.142,3.167,19.697
7.15,2682.175,8.765,2.865,19.603
7.146,2646.379,9.863,2.722,19.519
7.146,2620.14,12.26,2.662,19.476
7.153,2607.08,15.42,2.738,19.475
7.166,2608.628,18.06,2.954,19.513
7.184,2620.963,19.301,3.183,19.586
7.208,2624.781,21.219,3.415,19.651
7.23,2622.131,23.829,3.768,19.714
7.247,2617.635,24.49,4.111,19.747
7.257,2615.718,24.987,4.416,19.748
7.253,2634.301,24.637,4.645,19.717
7.244,2658.78,23.875,4.625,19.666
7.224,2687.214,23.63,4.307,19.592
7.211,2694.777,23.595,3.847,19.504
7.204,2689.036,23.623,3.592,19.401
7.197,2680.649,24.413,3.425,19.32
7.194,2670.606,23.876,3.291,19.268
7.191,2671.267,22.751,3.12,19.227
7.189,2685.699,21.53,3.022,19.198
7.185,2698.125,19.621,2.922,19.175
7.18,2699.791,18.309,2.921,19.15
7.174,2734.26,17.278,2.934,19.13
7.169,2765.492,17.407,2.801,19.094
7.162,2773.5,17.365,2.683,19.04
7.156,2772.225,16.464,2.675,18.993
7.153,2733.329,16.591,2.743,18.935
7.153,2687.889,17.291,2.875,18.927
7.157,2636.496,17.607,3.105,18.982
7.168,2560.656,20.314,3.35,19.096
7.187,2461.182,25.067,3.651,19.264
7.219,2350.756,29.193,4.169,19.456
7.256,2440.947,32.148,4.951,19.668
7.319,2519.512,34.455,5.794,19.911
7.367,2569.749,36.455,6.785,20.046
7.395,2589.371,38.113,7.491,20.097
7.402,2589.958,39.115,7.86,20.09
7.387,2583.147,39.07,7.967,20.022
7.357,2566.038,37.772,7.796,19.926
7.322,2561.39,35.779,7.454,19.821
7.287,2551.502,34.306,7.028,19.721
7.259,2557.01,33.341,6.636,19.649
7.237,2564.141,32.891,6.264,19.6
7.219,2575.181,33.283,5.968,19.563
7.204,2590.795,34.135,5.663,19.532
7.19,2613.487,34.787,5.335,19.513
7.179,2638.486,35.543,4.985,19.501
7.173,2643.208,35.139,4.639,19.479
7.171,2639.089,34.141,4.396,19.46
7.177,2618.962,32.742,4.307,19.451
7.196,2582.85,31.081,4.432,19.461
7.229,2533.279,30.395,4.768,19.527
7.271,2471.747,30.313,5.335,19.656
7.307,2418.928,30.281,6.125,19.819
7.327,2387.39,30.923,6.76,19.962
7.305,2398.439,31.6,7.087,19.991
7.26,2433.999,32.884,6.839,19.952
7.226,2466.401,35.447,6.228,19.916
7.213,2490.462,38.504,5.674,19.908